<metadata xml:lang="en"><Esri><CreaDate>20180615</CreaDate><CreaTime>11562900</CreaTime><ArcGISFormat>1.0</ArcGISFormat><SyncOnce>FALSE</SyncOnce><DataProperties><lineage><Process ToolSource="C:\Users\toxmap\AppData\Roaming\ESRI\Desktop10.5\ArcToolbox\My Toolboxes\TOXMAP.tbx\Project" Date="20180308" Time="173649" Name="" export="">Project C:\TOXMAP5\mapdata\shapefiles\pp\update\XYSheet.shp C:\TOXMAP5\mapdata\shapefiles\pp\update\ncr18.shp PROJCS['WGS_1984_Web_Mercator_Auxiliary_Sphere',GEOGCS['GCS_WGS_1984',DATUM['D_WGS_1984',SPHEROID['WGS_1984',6378137.0,298.257223563]],PRIMEM['Greenwich',0.0],UNIT['Degree',0.0174532925199433]],PROJECTION['Mercator_Auxiliary_Sphere'],PARAMETER['False_Easting',0.0],PARAMETER['False_Northing',0.0],PARAMETER['Central_Meridian',0.0],PARAMETER['Standard_Parallel_1',0.0],PARAMETER['Auxiliary_Sphere_Type',0.0],UNIT['Meter',1.0]] # GEOGCS['GCS_WGS_1984',DATUM['D_WGS_1984',SPHEROID['WGS_1984',6378137.0,298.257223563]],PRIMEM['Greenwich',0.0],UNIT['Degree',0.0174532925199433]] NO_PRESERVE_SHAPE # NO_VERTICAL</Process><Process ToolSource="c:\program files (x86)\arcgis\desktop10.5\ArcToolbox\Toolboxes\Conversion Tools.tbx\FeatureClassToFeatureClass" Date="20180308" Time="173851" Name="" export="">FeatureClassToFeatureClass C:\TOXMAP5\mapdata\shapefiles\pp\update\ncr18.shp C:\TOXMAP5\db\data\gdb\toxmaptest.gdb ncr18 # "Plant_Name "Plant_Name" true true false 254 Text 0 0 ,First,#,C:\TOXMAP5\mapdata\shapefiles\pp\update\ncr18.shp,Plant_Name,-1,-1;Short_Name "Short_Name" true true false 254 Text 0 0 ,First,#,C:\TOXMAP5\mapdata\shapefiles\pp\update\ncr18.shp,Short_Name,-1,-1;URL "URL" true true false 254 Text 0 0 ,First,#,C:\TOXMAP5\mapdata\shapefiles\pp\update\ncr18.shp,URL,-1,-1;Docket_Num "Docket_Num" true true false 254 Text 0 0 ,First,#,C:\TOXMAP5\mapdata\shapefiles\pp\update\ncr18.shp,Docket_Num,-1,-1;License_Num "License_Num" true true false 254 Text 0 0 ,First,#,C:\TOXMAP5\mapdata\shapefiles\pp\update\ncr18.shp,License_Nu,-1,-1;Location "Location" true true false 254 Text 0 0 ,First,#,C:\TOXMAP5\mapdata\shapefiles\pp\update\ncr18.shp,Location,-1,-1;City "City" true true false 254 Text 0 0 ,First,#,C:\TOXMAP5\mapdata\shapefiles\pp\update\ncr18.shp,City,-1,-1;State "State" true true false 254 Text 0 0 ,First,#,C:\TOXMAP5\mapdata\shapefiles\pp\update\ncr18.shp,State,-1,-1;faux_lat "faux_lat" true true false 19 Double 0 0 ,First,#,C:\TOXMAP5\mapdata\shapefiles\pp\update\ncr18.shp,faux_lat,-1,-1;faux_long "faux_long" true true false 19 Double 0 0 ,First,#,C:\TOXMAP5\mapdata\shapefiles\pp\update\ncr18.shp,faux_long,-1,-1;Latitude "Latitude" true true false 19 Double 0 0 ,First,#,C:\TOXMAP5\mapdata\shapefiles\pp\update\ncr18.shp,Latitude,-1,-1;Longitude "Longitude" true true false 19 Double 0 0 ,First,#,C:\TOXMAP5\mapdata\shapefiles\pp\update\ncr18.shp,Longitude,-1,-1;NRC_Region "NRC_Region" true true false 19 Double 0 0 ,First,#,C:\TOXMAP5\mapdata\shapefiles\pp\update\ncr18.shp,NRC_Region,-1,-1;Licensee "Licensee" true true false 254 Text 0 0 ,First,#,C:\TOXMAP5\mapdata\shapefiles\pp\update\ncr18.shp,Licensee,-1,-1;Parent_Name "Parent_Name" true true false 254 Text 0 0 ,First,#,C:\TOXMAP5\mapdata\shapefiles\pp\update\ncr18.shp,Parent_Nam,-1,-1;Parent_URL "Parent_URL" true true false 254 Text 0 0 ,First,#,C:\TOXMAP5\mapdata\shapefiles\pp\update\ncr18.shp,Parent_URL,-1,-1;ReactorType "ReactorType" true true false 254 Text 0 0 ,First,#,C:\TOXMAP5\mapdata\shapefiles\pp\update\ncr18.shp,ReactorTyp,-1,-1;DesignType "DesignType" true true false 254 Text 0 0 ,First,#,C:\TOXMAP5\mapdata\shapefiles\pp\update\ncr18.shp,DesignType,-1,-1;Architect "Architect" true true false 254 Text 0 0 ,First,#,C:\TOXMAP5\mapdata\shapefiles\pp\update\ncr18.shp,Architect,-1,-1;Constructr "Constructr" true true false 254 Text 0 0 ,First,#,C:\TOXMAP5\mapdata\shapefiles\pp\update\ncr18.shp,Constructr,-1,-1;PermitDate "PermitDate" true true false 8 Date 0 0 ,First,#,C:\TOXMAP5\mapdata\shapefiles\pp\update\ncr18.shp,PermitDate,-1,-1;OperDate "OperDate" true true false 8 Date 0 0 ,First,#,C:\TOXMAP5\mapdata\shapefiles\pp\update\ncr18.shp,OperDate,-1,-1;Oper_Begin "Oper_Begin" true true false 8 Date 0 0 ,First,#,C:\TOXMAP5\mapdata\shapefiles\pp\update\ncr18.shp,Oper_Begin,-1,-1;Oper_Renew "Oper_Renew" true true false 8 Date 0 0 ,First,#,C:\TOXMAP5\mapdata\shapefiles\pp\update\ncr18.shp,Oper_Renew,-1,-1;OperExpire "OperExpire" true true false 8 Date 0 0 ,First,#,C:\TOXMAP5\mapdata\shapefiles\pp\update\ncr18.shp,OperExpire,-1,-1;Licen_MWt "Licen_MWt" true true false 19 Double 0 0 ,First,#,C:\TOXMAP5\mapdata\shapefiles\pp\update\ncr18.shp,Licen_MWt,-1,-1;Cap_2015 "Cap_2015" true true false 19 Double 0 0 ,First,#,C:\TOXMAP5\mapdata\shapefiles\pp\update\ncr18.shp,Cap_2015,-1,-1;Cap_2014 "Cap_2014" true true false 19 Double 0 0 ,First,#,C:\TOXMAP5\mapdata\shapefiles\pp\update\ncr18.shp,Cap_2014,-1,-1;Cap_2013 "Cap_2013" true true false 19 Double 0 0 ,First,#,C:\TOXMAP5\mapdata\shapefiles\pp\update\ncr18.shp,Cap_2013,-1,-1;Cap_2012 "Cap_2012" true true false 19 Double 0 0 ,First,#,C:\TOXMAP5\mapdata\shapefiles\pp\update\ncr18.shp,Cap_2012,-1,-1;Cap_2011 "Cap_2011" true true false 19 Double 0 0 ,First,#,C:\TOXMAP5\mapdata\shapefiles\pp\update\ncr18.shp,Cap_2011,-1,-1;Cap_2010 "Cap_2010" true true false 19 Double 0 0 ,First,#,C:\TOXMAP5\mapdata\shapefiles\pp\update\ncr18.shp,Cap_2010,-1,-1;Cap_2009 "Cap_2009" true true false 19 Double 0 0 ,First,#,C:\TOXMAP5\mapdata\shapefiles\pp\update\ncr18.shp,Cap_2009,-1,-1;Cap_2008 "Cap_2008" true true false 19 Double 0 0 ,First,#,C:\TOXMAP5\mapdata\shapefiles\pp\update\ncr18.shp,Cap_2008,-1,-1" #</Process><Process ToolSource="c:\program files (x86)\arcgis\desktop10.5\ArcToolbox\Toolboxes\Conversion Tools.tbx\FeatureClassToFeatureClass" Date="20180615" Time="122126">FeatureClassToFeatureClass C:\TOXMAP5\db\data\gdb\toxmap.gdb\nrc_2017new C:\TOXMAP5\toxmap-lite\download nrc.shp # "Plant_Name "Plant name" true true false 254 Text 0 0 ,First,#,C:\TOXMAP5\db\data\gdb\toxmap.gdb\nrc_2017new,Plant_Name,-1,-1;Short_Name "Plant short name" true true false 254 Text 0 0 ,First,#,C:\TOXMAP5\db\data\gdb\toxmap.gdb\nrc_2017new,Short_Name,-1,-1;URL "Website" true true false 254 Text 0 0 ,First,#,C:\TOXMAP5\db\data\gdb\toxmap.gdb\nrc_2017new,URL,-1,-1;Docket_Num "Docket number" true true false 254 Text 0 0 ,First,#,C:\TOXMAP5\db\data\gdb\toxmap.gdb\nrc_2017new,Docket_Num,-1,-1;License_Nu "License number" true true false 254 Text 0 0 ,First,#,C:\TOXMAP5\db\data\gdb\toxmap.gdb\nrc_2017new,License_Num,-1,-1;Location "Location" true true false 254 Text 0 0 ,First,#,C:\TOXMAP5\db\data\gdb\toxmap.gdb\nrc_2017new,Location,-1,-1;City "City" true true false 254 Text 0 0 ,First,#,C:\TOXMAP5\db\data\gdb\toxmap.gdb\nrc_2017new,City,-1,-1;State "State" true true false 254 Text 0 0 ,First,#,C:\TOXMAP5\db\data\gdb\toxmap.gdb\nrc_2017new,State,-1,-1;Latitude "Latitude" true true false 8 Double 0 0 ,First,#,C:\TOXMAP5\db\data\gdb\toxmap.gdb\nrc_2017new,Latitude,-1,-1;Longitude "Longitude" true true false 8 Double 0 0 ,First,#,C:\TOXMAP5\db\data\gdb\toxmap.gdb\nrc_2017new,Longitude,-1,-1;NRC_Region "NRC region" true true false 8 Double 0 0 ,First,#,C:\TOXMAP5\db\data\gdb\toxmap.gdb\nrc_2017new,NRC_Region,-1,-1;Licensee "Licensee" true true false 254 Text 0 0 ,First,#,C:\TOXMAP5\db\data\gdb\toxmap.gdb\nrc_2017new,Licensee,-1,-1;Parent_Nam "Parent company name" true true false 254 Text 0 0 ,First,#,C:\TOXMAP5\db\data\gdb\toxmap.gdb\nrc_2017new,Parent_Name,-1,-1;Parent_URL "Parent company website" true true false 254 Text 0 0 ,First,#,C:\TOXMAP5\db\data\gdb\toxmap.gdb\nrc_2017new,Parent_URL,-1,-1;ReactorTyp "Reactor type" true true false 254 Text 0 0 ,First,#,C:\TOXMAP5\db\data\gdb\toxmap.gdb\nrc_2017new,ReactorType,-1,-1;DesignType "Design type" true true false 254 Text 0 0 ,First,#,C:\TOXMAP5\db\data\gdb\toxmap.gdb\nrc_2017new,DesignType,-1,-1;Architect "Architect" true true false 254 Text 0 0 ,First,#,C:\TOXMAP5\db\data\gdb\toxmap.gdb\nrc_2017new,Architect,-1,-1;Constructr "Constructor" true true false 254 Text 0 0 ,First,#,C:\TOXMAP5\db\data\gdb\toxmap.gdb\nrc_2017new,Constructr,-1,-1;PermitDate "Construction permit issued" true true false 8 Date 0 0 ,First,#,C:\TOXMAP5\db\data\gdb\toxmap.gdb\nrc_2017new,PermitDate,-1,-1;OperDate "Operating license issued" true true false 8 Date 0 0 ,First,#,C:\TOXMAP5\db\data\gdb\toxmap.gdb\nrc_2017new,OperDate,-1,-1;Oper_Begin "Commercial operation" true true false 8 Date 0 0 ,First,#,C:\TOXMAP5\db\data\gdb\toxmap.gdb\nrc_2017new,Oper_Begin,-1,-1;Oper_Renew "Renewed operating license issued" true true false 8 Date 0 0 ,First,#,C:\TOXMAP5\db\data\gdb\toxmap.gdb\nrc_2017new,Oper_Renew,-1,-1;OperExpire "Operating license expires" true true false 8 Date 0 0 ,First,#,C:\TOXMAP5\db\data\gdb\toxmap.gdb\nrc_2017new,OperExpire,-1,-1;Licen_MWt "Licensed MWt" true true false 8 Double 0 0 ,First,#,C:\TOXMAP5\db\data\gdb\toxmap.gdb\nrc_2017new,Licen_MWt,-1,-1;Cap_2015 "2015 capacity factor" true true false 8 Double 0 0 ,First,#,C:\TOXMAP5\db\data\gdb\toxmap.gdb\nrc_2017new,Cap_2015,-1,-1;Cap_2014 "2014 capacity factor" true true false 8 Double 0 0 ,First,#,C:\TOXMAP5\db\data\gdb\toxmap.gdb\nrc_2017new,Cap_2014,-1,-1;Cap_2013 "2013 capacity factor" true true false 8 Double 0 0 ,First,#,C:\TOXMAP5\db\data\gdb\toxmap.gdb\nrc_2017new,Cap_2013,-1,-1;Cap_2012 "2012 capacity factor" true true false 8 Double 0 0 ,First,#,C:\TOXMAP5\db\data\gdb\toxmap.gdb\nrc_2017new,Cap_2012,-1,-1;Cap_2011 "2011 capacity factor" true true false 8 Double 0 0 ,First,#,C:\TOXMAP5\db\data\gdb\toxmap.gdb\nrc_2017new,Cap_2011,-1,-1;Cap_2010 "2010 capacity factor" true true false 8 Double 0 0 ,First,#,C:\TOXMAP5\db\data\gdb\toxmap.gdb\nrc_2017new,Cap_2010,-1,-1;Cap_2009 "2009 capacity factor" true true false 8 Double 0 0 ,First,#,C:\TOXMAP5\db\data\gdb\toxmap.gdb\nrc_2017new,Cap_2009,-1,-1;Cap_2008 "2008 capacity factor" true true false 8 Double 0 0 ,First,#,C:\TOXMAP5\db\data\gdb\toxmap.gdb\nrc_2017new,Cap_2008,-1,-1" #</Process></lineage><itemProps><itemName Sync="TRUE">nrc</itemName><imsContentType Sync="TRUE">002</imsContentType><itemLocation><linkage Sync="TRUE">file://\\TOXMAP5\C$\TOXMAP5\toxmap-lite\download\nrc.shp</linkage><protocol Sync="TRUE">Local Area Network</protocol></itemLocation><nativeExtBox><westBL Sync="TRUE">-13453454.720900</westBL><eastBL Sync="TRUE">-7856867.321300</eastBL><southBL Sync="TRUE">2929269.891200</southBL><northBL Sync="TRUE">5818168.909900</northBL><exTypeCode Sync="TRUE">1</exTypeCode></nativeExtBox><itemSize Sync="TRUE">0.000</itemSize></itemProps><coordRef><type Sync="TRUE">Projected</type><geogcsn Sync="TRUE">GCS_WGS_1984</geogcsn><csUnits Sync="TRUE">Linear Unit: Meter (1.000000)</csUnits><projcsn Sync="TRUE">WGS_1984_Web_Mercator_Auxiliary_Sphere</projcsn><peXml Sync="TRUE">&lt;ProjectedCoordinateSystem xsi:type='typens:ProjectedCoordinateSystem' xmlns:xsi='http://www.w3.org/2001/XMLSchema-instance' xmlns:xs='http://www.w3.org/2001/XMLSchema' xmlns:typens='http://www.esri.com/schemas/ArcGIS/10.5'&gt;&lt;WKT&gt;PROJCS[&amp;quot;WGS_1984_Web_Mercator_Auxiliary_Sphere&amp;quot;,GEOGCS[&amp;quot;GCS_WGS_1984&amp;quot;,DATUM[&amp;quot;D_WGS_1984&amp;quot;,SPHEROID[&amp;quot;WGS_1984&amp;quot;,6378137.0,298.257223563]],PRIMEM[&amp;quot;Greenwich&amp;quot;,0.0],UNIT[&amp;quot;Degree&amp;quot;,0.0174532925199433]],PROJECTION[&amp;quot;Mercator_Auxiliary_Sphere&amp;quot;],PARAMETER[&amp;quot;False_Easting&amp;quot;,0.0],PARAMETER[&amp;quot;False_Northing&amp;quot;,0.0],PARAMETER[&amp;quot;Central_Meridian&amp;quot;,0.0],PARAMETER[&amp;quot;Standard_Parallel_1&amp;quot;,0.0],PARAMETER[&amp;quot;Auxiliary_Sphere_Type&amp;quot;,0.0],UNIT[&amp;quot;Meter&amp;quot;,1.0],AUTHORITY[&amp;quot;EPSG&amp;quot;,3857]]&lt;/WKT&gt;&lt;XOrigin&gt;-20037700&lt;/XOrigin&gt;&lt;YOrigin&gt;-30241100&lt;/YOrigin&gt;&lt;XYScale&gt;148923141.92838538&lt;/XYScale&gt;&lt;ZOrigin&gt;-100000&lt;/ZOrigin&gt;&lt;ZScale&gt;10000&lt;/ZScale&gt;&lt;MOrigin&gt;-100000&lt;/MOrigin&gt;&lt;MScale&gt;10000&lt;/MScale&gt;&lt;XYTolerance&gt;0.001&lt;/XYTolerance&gt;&lt;ZTolerance&gt;0.001&lt;/ZTolerance&gt;&lt;MTolerance&gt;0.001&lt;/MTolerance&gt;&lt;HighPrecision&gt;true&lt;/HighPrecision&gt;&lt;WKID&gt;102100&lt;/WKID&gt;&lt;LatestWKID&gt;3857&lt;/LatestWKID&gt;&lt;/ProjectedCoordinateSystem&gt;</peXml></coordRef></DataProperties><SyncDate>20180615</SyncDate><SyncTime>12212500</SyncTime><ModDate>20180615</ModDate><ModTime>12212500</ModTime><scaleRange><minScale>150000000</minScale><maxScale>5000</maxScale></scaleRange><ArcGISProfile>ItemDescription</ArcGISProfile></Esri><dataIdInfo><envirDesc Sync="TRUE">Microsoft Windows Server 2008 R2 Version 6.1 (Build 7601) Service Pack 1; Esri ArcGIS 10.5.1.7333</envirDesc><dataLang><languageCode value="eng" Sync="TRUE"/><countryCode value="USA" Sync="TRUE"/></dataLang><idCitation><resTitle Sync="FALSE">Commercial nuclear power plants (2017)</resTitle><presForm><PresFormCd value="005" Sync="TRUE"/></presForm></idCitation><spatRpType><SpatRepTypCd value="001" Sync="TRUE"/></spatRpType><dataExt><geoEle xmlns=""><GeoBndBox esriExtentType="search"><exTypeCode Sync="TRUE">1</exTypeCode><westBL Sync="TRUE">-120.854440</westBL><eastBL Sync="TRUE">-70.579440</eastBL><northBL Sync="TRUE">46.235500</northBL><southBL Sync="TRUE">25.435000</southBL></GeoBndBox></geoEle></dataExt><idAbs>&lt;DIV STYLE="text-align:Left;"&gt;&lt;DIV&gt;&lt;DIV&gt;&lt;P&gt;&lt;SPAN&gt;The Nuclear Regulatory Commission (&lt;/SPAN&gt;&lt;A href="https://www.nrc.gov/"&gt;&lt;SPAN&gt;NRC&lt;/SPAN&gt;&lt;/A&gt;&lt;SPAN&gt;) regulates commercial nuclear power plants that generate electricity. There are several types of these power reactors. Of these, only the Pressurized Water Reactors (PWRs) and Boiling Water Reactors (BWRs) are in commercial operation in the United States.&lt;/SPAN&gt;&lt;/P&gt;&lt;/DIV&gt;&lt;/DIV&gt;&lt;/DIV&gt;</idAbs><idCredit>Nuclear Regulatory Commission (NRC)</idCredit><searchKeys><keyword>Nuclear power plant</keyword><keyword>NRC</keyword><keyword>nuclear</keyword><keyword>power plant</keyword></searchKeys><idPurp>Commercial nuclear power plants regulated by the NRC, 2017.</idPurp><resConst><Consts><useLimit>&lt;DIV STYLE="text-align:Left;"&gt;&lt;DIV&gt;&lt;DIV&gt;&lt;P&gt;&lt;SPAN&gt;TOXMAP data is free, publically available on the Internet; no registration is required. The NLM &lt;/SPAN&gt;&lt;A href="https://toxnet.nlm.nih.gov/help/rightsindata.html"&gt;&lt;SPAN&gt;Rights in Data &lt;/SPAN&gt;&lt;/A&gt;&lt;SPAN&gt;Clause applies.&lt;/SPAN&gt;&lt;/P&gt;&lt;/DIV&gt;&lt;/DIV&gt;&lt;/DIV&gt;</useLimit></Consts></resConst></dataIdInfo><mdLang><languageCode value="eng" Sync="TRUE"/><countryCode value="USA" Sync="TRUE"/></mdLang><distInfo><distFormat><formatName Sync="TRUE">Shapefile</formatName></distFormat><distTranOps><transSize Sync="TRUE">0.000</transSize></distTranOps></distInfo><mdHrLv><ScopeCd value="005" Sync="TRUE"/></mdHrLv><mdHrLvName Sync="TRUE">dataset</mdHrLvName><refSysInfo><RefSystem><refSysID><identCode code="3857" Sync="TRUE"/><idCodeSpace Sync="TRUE">EPSG</idCodeSpace><idVersion Sync="TRUE">8.8(9.3.1.2)</idVersion></refSysID></RefSystem></refSysInfo><spatRepInfo><VectSpatRep><geometObjs Name="nrc"><geoObjTyp><GeoObjTypCd value="004" Sync="TRUE"></GeoObjTypCd></geoObjTyp><geoObjCnt Sync="TRUE">0</geoObjCnt></geometObjs><topLvl><TopoLevCd value="001" Sync="TRUE"></TopoLevCd></topLvl></VectSpatRep></spatRepInfo><spdoinfo><ptvctinf><esriterm Name="nrc"><efeatyp Sync="TRUE">Simple</efeatyp><efeageom code="1" Sync="TRUE"></efeageom><esritopo Sync="TRUE">FALSE</esritopo><efeacnt Sync="TRUE">0</efeacnt><spindex Sync="TRUE">FALSE</spindex><linrefer Sync="TRUE">FALSE</linrefer></esriterm></ptvctinf></spdoinfo><eainfo><detailed Name="nrc"><enttyp><enttypl Sync="TRUE">nrc</enttypl><enttypt Sync="TRUE">Feature Class</enttypt><enttypc Sync="TRUE">0</enttypc></enttyp><attr><attrlabl Sync="TRUE">FID</attrlabl><attalias Sync="TRUE">FID</attalias><attrtype Sync="TRUE">OID</attrtype><attwidth Sync="TRUE">4</attwidth><atprecis Sync="TRUE">0</atprecis><attscale Sync="TRUE">0</attscale><attrdef Sync="TRUE">Internal feature number.</attrdef><attrdefs Sync="TRUE">Esri</attrdefs><attrdomv><udom Sync="TRUE">Sequential unique whole numbers that are automatically generated.</udom></attrdomv></attr><attr><attrlabl Sync="TRUE">Shape</attrlabl><attalias Sync="TRUE">Shape</attalias><attrtype Sync="TRUE">Geometry</attrtype><attwidth Sync="TRUE">0</attwidth><atprecis Sync="TRUE">0</atprecis><attscale Sync="TRUE">0</attscale><attrdef Sync="TRUE">Feature geometry.</attrdef><attrdefs Sync="TRUE">Esri</attrdefs><attrdomv><udom Sync="TRUE">Coordinates defining the features.</udom></attrdomv></attr><attr><attrlabl Sync="TRUE">Plant_Name</attrlabl><attalias Sync="TRUE">Plant_Name</attalias><attrtype Sync="TRUE">String</attrtype><attwidth Sync="TRUE">254</attwidth><atprecis Sync="TRUE">0</atprecis><attscale Sync="TRUE">0</attscale></attr><attr><attrlabl Sync="TRUE">Short_Name</attrlabl><attalias Sync="TRUE">Short_Name</attalias><attrtype Sync="TRUE">String</attrtype><attwidth Sync="TRUE">254</attwidth><atprecis Sync="TRUE">0</atprecis><attscale Sync="TRUE">0</attscale></attr><attr><attrlabl Sync="TRUE">URL</attrlabl><attalias Sync="TRUE">URL</attalias><attrtype Sync="TRUE">String</attrtype><attwidth Sync="TRUE">254</attwidth><atprecis Sync="TRUE">0</atprecis><attscale Sync="TRUE">0</attscale></attr><attr><attrlabl Sync="TRUE">Docket_Num</attrlabl><attalias Sync="TRUE">Docket_Num</attalias><attrtype Sync="TRUE">String</attrtype><attwidth Sync="TRUE">254</attwidth><atprecis Sync="TRUE">0</atprecis><attscale Sync="TRUE">0</attscale></attr><attr><attrlabl Sync="TRUE">License_Nu</attrlabl><attalias Sync="TRUE">License_Nu</attalias><attrtype Sync="TRUE">String</attrtype><attwidth Sync="TRUE">254</attwidth><atprecis Sync="TRUE">0</atprecis><attscale Sync="TRUE">0</attscale></attr><attr><attrlabl Sync="TRUE">Location</attrlabl><attalias Sync="TRUE">Location</attalias><attrtype Sync="TRUE">String</attrtype><attwidth Sync="TRUE">254</attwidth><atprecis Sync="TRUE">0</atprecis><attscale Sync="TRUE">0</attscale></attr><attr><attrlabl Sync="TRUE">City</attrlabl><attalias Sync="TRUE">City</attalias><attrtype Sync="TRUE">String</attrtype><attwidth Sync="TRUE">254</attwidth><atprecis Sync="TRUE">0</atprecis><attscale Sync="TRUE">0</attscale></attr><attr><attrlabl Sync="TRUE">State</attrlabl><attalias Sync="TRUE">State</attalias><attrtype Sync="TRUE">String</attrtype><attwidth Sync="TRUE">254</attwidth><atprecis Sync="TRUE">0</atprecis><attscale Sync="TRUE">0</attscale></attr><attr><attrlabl Sync="TRUE">Latitude</attrlabl><attalias Sync="TRUE">Latitude</attalias><attrtype Sync="TRUE">Double</attrtype><attwidth Sync="TRUE">19</attwidth><atprecis Sync="TRUE">0</atprecis><attscale Sync="TRUE">0</attscale></attr><attr><attrlabl Sync="TRUE">Longitude</attrlabl><attalias Sync="TRUE">Longitude</attalias><attrtype Sync="TRUE">Double</attrtype><attwidth Sync="TRUE">19</attwidth><atprecis Sync="TRUE">0</atprecis><attscale Sync="TRUE">0</attscale></attr><attr><attrlabl Sync="TRUE">NRC_Region</attrlabl><attalias Sync="TRUE">NRC_Region</attalias><attrtype Sync="TRUE">Double</attrtype><attwidth Sync="TRUE">19</attwidth><atprecis Sync="TRUE">0</atprecis><attscale Sync="TRUE">0</attscale></attr><attr><attrlabl Sync="TRUE">Licensee</attrlabl><attalias Sync="TRUE">Licensee</attalias><attrtype Sync="TRUE">String</attrtype><attwidth Sync="TRUE">254</attwidth><atprecis Sync="TRUE">0</atprecis><attscale Sync="TRUE">0</attscale></attr><attr><attrlabl Sync="TRUE">Parent_Nam</attrlabl><attalias Sync="TRUE">Parent_Nam</attalias><attrtype Sync="TRUE">String</attrtype><attwidth Sync="TRUE">254</attwidth><atprecis Sync="TRUE">0</atprecis><attscale Sync="TRUE">0</attscale></attr><attr><attrlabl Sync="TRUE">Parent_URL</attrlabl><attalias Sync="TRUE">Parent_URL</attalias><attrtype Sync="TRUE">String</attrtype><attwidth Sync="TRUE">254</attwidth><atprecis Sync="TRUE">0</atprecis><attscale Sync="TRUE">0</attscale></attr><attr><attrlabl Sync="TRUE">ReactorTyp</attrlabl><attalias Sync="TRUE">ReactorTyp</attalias><attrtype Sync="TRUE">String</attrtype><attwidth Sync="TRUE">254</attwidth><atprecis Sync="TRUE">0</atprecis><attscale Sync="TRUE">0</attscale></attr><attr><attrlabl Sync="TRUE">DesignType</attrlabl><attalias Sync="TRUE">DesignType</attalias><attrtype Sync="TRUE">String</attrtype><attwidth Sync="TRUE">254</attwidth><atprecis Sync="TRUE">0</atprecis><attscale Sync="TRUE">0</attscale></attr><attr><attrlabl Sync="TRUE">Architect</attrlabl><attalias Sync="TRUE">Architect</attalias><attrtype Sync="TRUE">String</attrtype><attwidth Sync="TRUE">254</attwidth><atprecis Sync="TRUE">0</atprecis><attscale Sync="TRUE">0</attscale></attr><attr><attrlabl Sync="TRUE">Constructr</attrlabl><attalias Sync="TRUE">Constructr</attalias><attrtype Sync="TRUE">String</attrtype><attwidth Sync="TRUE">254</attwidth><atprecis Sync="TRUE">0</atprecis><attscale Sync="TRUE">0</attscale></attr><attr><attrlabl Sync="TRUE">PermitDate</attrlabl><attalias Sync="TRUE">PermitDate</attalias><attrtype Sync="TRUE">Date</attrtype><attwidth Sync="TRUE">8</attwidth><atprecis Sync="TRUE">0</atprecis><attscale Sync="TRUE">0</attscale></attr><attr><attrlabl Sync="TRUE">OperDate</attrlabl><attalias Sync="TRUE">OperDate</attalias><attrtype Sync="TRUE">Date</attrtype><attwidth Sync="TRUE">8</attwidth><atprecis Sync="TRUE">0</atprecis><attscale Sync="TRUE">0</attscale></attr><attr><attrlabl Sync="TRUE">Oper_Begin</attrlabl><attalias Sync="TRUE">Oper_Begin</attalias><attrtype Sync="TRUE">Date</attrtype><attwidth Sync="TRUE">8</attwidth><atprecis Sync="TRUE">0</atprecis><attscale Sync="TRUE">0</attscale></attr><attr><attrlabl Sync="TRUE">Oper_Renew</attrlabl><attalias Sync="TRUE">Oper_Renew</attalias><attrtype Sync="TRUE">Date</attrtype><attwidth Sync="TRUE">8</attwidth><atprecis Sync="TRUE">0</atprecis><attscale Sync="TRUE">0</attscale></attr><attr><attrlabl Sync="TRUE">OperExpire</attrlabl><attalias Sync="TRUE">OperExpire</attalias><attrtype Sync="TRUE">Date</attrtype><attwidth Sync="TRUE">8</attwidth><atprecis Sync="TRUE">0</atprecis><attscale Sync="TRUE">0</attscale></attr><attr><attrlabl Sync="TRUE">Licen_MWt</attrlabl><attalias Sync="TRUE">Licen_MWt</attalias><attrtype Sync="TRUE">Double</attrtype><attwidth Sync="TRUE">19</attwidth><atprecis Sync="TRUE">0</atprecis><attscale Sync="TRUE">0</attscale></attr><attr><attrlabl Sync="TRUE">Cap_2015</attrlabl><attalias Sync="TRUE">Cap_2015</attalias><attrtype Sync="TRUE">Double</attrtype><attwidth Sync="TRUE">19</attwidth><atprecis Sync="TRUE">0</atprecis><attscale Sync="TRUE">0</attscale></attr><attr><attrlabl Sync="TRUE">Cap_2014</attrlabl><attalias Sync="TRUE">Cap_2014</attalias><attrtype Sync="TRUE">Double</attrtype><attwidth Sync="TRUE">19</attwidth><atprecis Sync="TRUE">0</atprecis><attscale Sync="TRUE">0</attscale></attr><attr><attrlabl Sync="TRUE">Cap_2013</attrlabl><attalias Sync="TRUE">Cap_2013</attalias><attrtype Sync="TRUE">Double</attrtype><attwidth Sync="TRUE">19</attwidth><atprecis Sync="TRUE">0</atprecis><attscale Sync="TRUE">0</attscale></attr><attr><attrlabl Sync="TRUE">Cap_2012</attrlabl><attalias Sync="TRUE">Cap_2012</attalias><attrtype Sync="TRUE">Double</attrtype><attwidth Sync="TRUE">19</attwidth><atprecis Sync="TRUE">0</atprecis><attscale Sync="TRUE">0</attscale></attr><attr><attrlabl Sync="TRUE">Cap_2011</attrlabl><attalias Sync="TRUE">Cap_2011</attalias><attrtype Sync="TRUE">Double</attrtype><attwidth Sync="TRUE">19</attwidth><atprecis Sync="TRUE">0</atprecis><attscale Sync="TRUE">0</attscale></attr><attr><attrlabl Sync="TRUE">Cap_2010</attrlabl><attalias Sync="TRUE">Cap_2010</attalias><attrtype Sync="TRUE">Double</attrtype><attwidth Sync="TRUE">19</attwidth><atprecis Sync="TRUE">0</atprecis><attscale Sync="TRUE">0</attscale></attr><attr><attrlabl Sync="TRUE">Cap_2009</attrlabl><attalias Sync="TRUE">Cap_2009</attalias><attrtype Sync="TRUE">Double</attrtype><attwidth Sync="TRUE">19</attwidth><atprecis Sync="TRUE">0</atprecis><attscale Sync="TRUE">0</attscale></attr><attr><attrlabl Sync="TRUE">Cap_2008</attrlabl><attalias Sync="TRUE">Cap_2008</attalias><attrtype Sync="TRUE">Double</attrtype><attwidth Sync="TRUE">19</attwidth><atprecis Sync="TRUE">0</atprecis><attscale Sync="TRUE">0</attscale></attr></detailed></eainfo><mdDateSt Sync="TRUE">20180615</mdDateSt></metadata>
