<metadata xml:lang="en"><Esri><CreaDate>20180426</CreaDate><CreaTime>17522100</CreaTime><ArcGISFormat>1.0</ArcGISFormat><SyncOnce>FALSE</SyncOnce><DataProperties><lineage><Process ToolSource="C:\Users\toxmap\AppData\Roaming\ESRI\Desktop10.5\ArcToolbox\My Toolboxes\TOXMAP.tbx\Project" Date="20180305" Time="132913" Name="" export="">Project C:\TOXMAP5\mapdata\shapefiles\epacoal_2017\XYepacoal-2017.shp C:\TOXMAP5\mapdata\shapefiles\epacoal_2017\epacoal2017.shp PROJCS['WGS_1984_Web_Mercator_Auxiliary_Sphere',GEOGCS['GCS_WGS_1984',DATUM['D_WGS_1984',SPHEROID['WGS_1984',6378137.0,298.257223563]],PRIMEM['Greenwich',0.0],UNIT['Degree',0.0174532925199433]],PROJECTION['Mercator_Auxiliary_Sphere'],PARAMETER['False_Easting',0.0],PARAMETER['False_Northing',0.0],PARAMETER['Central_Meridian',0.0],PARAMETER['Standard_Parallel_1',0.0],PARAMETER['Auxiliary_Sphere_Type',0.0],UNIT['Meter',1.0]] # GEOGCS['GCS_WGS_1984',DATUM['D_WGS_1984',SPHEROID['WGS_1984',6378137.0,298.257223563]],PRIMEM['Greenwich',0.0],UNIT['Degree',0.0174532925199433]] NO_PRESERVE_SHAPE # NO_VERTICAL</Process><Process ToolSource="c:\program files (x86)\arcgis\desktop10.5\ArcToolbox\Toolboxes\Conversion Tools.tbx\FeatureClassToFeatureClass" Date="20180305" Time="133100" Name="" export="">FeatureClassToFeatureClass C:\TOXMAP5\mapdata\shapefiles\epacoal_2017\epacoal2017.shp C:\TOXMAP5\db\data\gdb\toxmaptest.gdb epacoal2017new # "ORISPL "ORISPL" true true false 10 Long 0 10 ,First,#,C:\TOXMAP5\mapdata\shapefiles\epacoal_2017\epacoal2017.shp,ORISPL,-1,-1;Name "Name" true true false 254 Text 0 0 ,First,#,C:\TOXMAP5\mapdata\shapefiles\epacoal_2017\epacoal2017.shp,Name,-1,-1;Operator "Operator" true true false 254 Text 0 0 ,First,#,C:\TOXMAP5\mapdata\shapefiles\epacoal_2017\epacoal2017.shp,Operator,-1,-1;County "County" true true false 254 Text 0 0 ,First,#,C:\TOXMAP5\mapdata\shapefiles\epacoal_2017\epacoal2017.shp,County,-1,-1;State "State" true true false 254 Text 0 0 ,First,#,C:\TOXMAP5\mapdata\shapefiles\epacoal_2017\epacoal2017.shp,State,-1,-1;SO2 "SO2" true true false 19 Double 0 0 ,First,#,C:\TOXMAP5\mapdata\shapefiles\epacoal_2017\epacoal2017.shp,SO2,-1,-1;SO2_rank "SO2_rank" true true false 10 Long 0 10 ,First,#,C:\TOXMAP5\mapdata\shapefiles\epacoal_2017\epacoal2017.shp,SO2_rank,-1,-1;NOx "NOx" true true false 19 Double 0 0 ,First,#,C:\TOXMAP5\mapdata\shapefiles\epacoal_2017\epacoal2017.shp,NOx,-1,-1;NOx_rank "NOx_rank" true true false 10 Long 0 10 ,First,#,C:\TOXMAP5\mapdata\shapefiles\epacoal_2017\epacoal2017.shp,NOx_rank,-1,-1;CO2 "CO2" true true false 19 Double 0 0 ,First,#,C:\TOXMAP5\mapdata\shapefiles\epacoal_2017\epacoal2017.shp,CO2,-1,-1;CO2_rank "CO2_rank" true true false 10 Long 0 10 ,First,#,C:\TOXMAP5\mapdata\shapefiles\epacoal_2017\epacoal2017.shp,CO2_rank,-1,-1;Heat_Input "Heat_Input" true true false 19 Double 0 0 ,First,#,C:\TOXMAP5\mapdata\shapefiles\epacoal_2017\epacoal2017.shp,Heat_Input,-1,-1;Gross_Load "Gross_Load" true true false 19 Double 0 0 ,First,#,C:\TOXMAP5\mapdata\shapefiles\epacoal_2017\epacoal2017.shp,Gross_Load,-1,-1;Latitude "Latitude" true true false 19 Double 0 0 ,First,#,C:\TOXMAP5\mapdata\shapefiles\epacoal_2017\epacoal2017.shp,Latitude,-1,-1;Longitude "Longitude" true true false 19 Double 0 0 ,First,#,C:\TOXMAP5\mapdata\shapefiles\epacoal_2017\epacoal2017.shp,Longitude,-1,-1" #</Process><Process ToolSource="c:\program files (x86)\arcgis\desktop10.5\ArcToolbox\Toolboxes\Conversion Tools.tbx\FeatureClassToFeatureClass" Date="20180614" Time="164924">FeatureClassToFeatureClass C:\TOXMAP5\db\data\gdb\toxmap.gdb\epa_coal_2017 C:\TOXMAP5\toxmap-lite\download epa_coal.shp # "ORISPL "ORIS plant code" true true false 4 Long 0 0 ,First,#,C:\TOXMAP5\db\data\gdb\toxmap.gdb\epa_coal_2017,ORISPL,-1,-1;Name "Name" true true false 254 Text 0 0 ,First,#,C:\TOXMAP5\db\data\gdb\toxmap.gdb\epa_coal_2017,Name,-1,-1;Operator "Operator" true true false 254 Text 0 0 ,First,#,C:\TOXMAP5\db\data\gdb\toxmap.gdb\epa_coal_2017,Operator,-1,-1;County "County" true true false 254 Text 0 0 ,First,#,C:\TOXMAP5\db\data\gdb\toxmap.gdb\epa_coal_2017,County,-1,-1;State "State" true true false 254 Text 0 0 ,First,#,C:\TOXMAP5\db\data\gdb\toxmap.gdb\epa_coal_2017,State,-1,-1;SO2 "Sulfur dioxide" true true false 8 Double 0 0 ,First,#,C:\TOXMAP5\db\data\gdb\toxmap.gdb\epa_coal_2017,SO2,-1,-1;SO2_rank "Sulfur dioxide rank" true true false 4 Long 0 0 ,First,#,C:\TOXMAP5\db\data\gdb\toxmap.gdb\epa_coal_2017,SO2_rank,-1,-1;NOx "Nitrogen oxides" true true false 8 Double 0 0 ,First,#,C:\TOXMAP5\db\data\gdb\toxmap.gdb\epa_coal_2017,NOx,-1,-1;NOx_rank "Nitrogen oxides rank" true true false 4 Long 0 0 ,First,#,C:\TOXMAP5\db\data\gdb\toxmap.gdb\epa_coal_2017,NOx_rank,-1,-1;CO2 "Carbon dioxide" true true false 8 Double 0 0 ,First,#,C:\TOXMAP5\db\data\gdb\toxmap.gdb\epa_coal_2017,CO2,-1,-1;CO2_rank "Carbon dioxide rank" true true false 4 Long 0 0 ,First,#,C:\TOXMAP5\db\data\gdb\toxmap.gdb\epa_coal_2017,CO2_rank,-1,-1;Heat_Input "Heat input" true true false 8 Double 0 0 ,First,#,C:\TOXMAP5\db\data\gdb\toxmap.gdb\epa_coal_2017,Heat_Input,-1,-1;Gross_Load "Gros load" true true false 8 Double 0 0 ,First,#,C:\TOXMAP5\db\data\gdb\toxmap.gdb\epa_coal_2017,Gross_Load,-1,-1;Latitude "Latitude" true true false 8 Double 0 0 ,First,#,C:\TOXMAP5\db\data\gdb\toxmap.gdb\epa_coal_2017,Latitude,-1,-1;Longitude "Longitude" true true false 8 Double 0 0 ,First,#,C:\TOXMAP5\db\data\gdb\toxmap.gdb\epa_coal_2017,Longitude,-1,-1" #</Process></lineage><itemProps><itemName Sync="TRUE">epa_coal</itemName><imsContentType Sync="TRUE">002</imsContentType><itemLocation><linkage Sync="TRUE">file://\\TOXMAP5\C$\TOXMAP5\toxmap-lite\download\epa_coal.shp</linkage><protocol Sync="TRUE">Local Area Network</protocol></itemLocation><nativeExtBox><westBL Sync="TRUE">-13676467.736000</westBL><eastBL Sync="TRUE">-7879661.100200</eastBL><southBL Sync="TRUE">3128382.623400</southBL><northBL Sync="TRUE">6053583.984200</northBL><exTypeCode Sync="TRUE">1</exTypeCode></nativeExtBox><itemSize Sync="TRUE">0.000</itemSize></itemProps><coordRef><type Sync="TRUE">Projected</type><geogcsn Sync="TRUE">GCS_WGS_1984</geogcsn><csUnits Sync="TRUE">Linear Unit: Meter (1.000000)</csUnits><projcsn Sync="TRUE">WGS_1984_Web_Mercator_Auxiliary_Sphere</projcsn><peXml Sync="TRUE">&lt;ProjectedCoordinateSystem xsi:type='typens:ProjectedCoordinateSystem' xmlns:xsi='http://www.w3.org/2001/XMLSchema-instance' xmlns:xs='http://www.w3.org/2001/XMLSchema' xmlns:typens='http://www.esri.com/schemas/ArcGIS/10.5'&gt;&lt;WKT&gt;PROJCS[&amp;quot;WGS_1984_Web_Mercator_Auxiliary_Sphere&amp;quot;,GEOGCS[&amp;quot;GCS_WGS_1984&amp;quot;,DATUM[&amp;quot;D_WGS_1984&amp;quot;,SPHEROID[&amp;quot;WGS_1984&amp;quot;,6378137.0,298.257223563]],PRIMEM[&amp;quot;Greenwich&amp;quot;,0.0],UNIT[&amp;quot;Degree&amp;quot;,0.0174532925199433]],PROJECTION[&amp;quot;Mercator_Auxiliary_Sphere&amp;quot;],PARAMETER[&amp;quot;False_Easting&amp;quot;,0.0],PARAMETER[&amp;quot;False_Northing&amp;quot;,0.0],PARAMETER[&amp;quot;Central_Meridian&amp;quot;,0.0],PARAMETER[&amp;quot;Standard_Parallel_1&amp;quot;,0.0],PARAMETER[&amp;quot;Auxiliary_Sphere_Type&amp;quot;,0.0],UNIT[&amp;quot;Meter&amp;quot;,1.0],AUTHORITY[&amp;quot;EPSG&amp;quot;,3857]]&lt;/WKT&gt;&lt;XOrigin&gt;-20037700&lt;/XOrigin&gt;&lt;YOrigin&gt;-30241100&lt;/YOrigin&gt;&lt;XYScale&gt;148923141.92838538&lt;/XYScale&gt;&lt;ZOrigin&gt;-100000&lt;/ZOrigin&gt;&lt;ZScale&gt;10000&lt;/ZScale&gt;&lt;MOrigin&gt;-100000&lt;/MOrigin&gt;&lt;MScale&gt;10000&lt;/MScale&gt;&lt;XYTolerance&gt;0.001&lt;/XYTolerance&gt;&lt;ZTolerance&gt;0.001&lt;/ZTolerance&gt;&lt;MTolerance&gt;0.001&lt;/MTolerance&gt;&lt;HighPrecision&gt;true&lt;/HighPrecision&gt;&lt;WKID&gt;102100&lt;/WKID&gt;&lt;LatestWKID&gt;3857&lt;/LatestWKID&gt;&lt;/ProjectedCoordinateSystem&gt;</peXml></coordRef></DataProperties><SyncDate>20180614</SyncDate><SyncTime>16492200</SyncTime><ModDate>20180614</ModDate><ModTime>16492200</ModTime><scaleRange><minScale>150000000</minScale><maxScale>5000</maxScale></scaleRange><ArcGISProfile>ItemDescription</ArcGISProfile></Esri><dataIdInfo><envirDesc Sync="TRUE">Microsoft Windows Server 2008 R2 Version 6.1 (Build 7601) Service Pack 1; Esri ArcGIS 10.5.1.7333</envirDesc><dataLang><languageCode value="eng" Sync="TRUE"/><countryCode value="USA" Sync="TRUE"/></dataLang><idCitation><resTitle Sync="FALSE">Coal power plants (2017)</resTitle><presForm><PresFormCd value="005" Sync="TRUE"/></presForm></idCitation><spatRpType><SpatRepTypCd value="001" Sync="TRUE"/></spatRpType><dataExt><geoEle xmlns=""><GeoBndBox esriExtentType="search"><exTypeCode Sync="TRUE">1</exTypeCode><westBL Sync="TRUE">-122.857800</westBL><eastBL Sync="TRUE">-70.784200</eastBL><northBL Sync="TRUE">47.678800</northBL><southBL Sync="TRUE">27.039300</southBL></GeoBndBox></geoEle></dataExt><idPurp>Coal power plants from the U.S. EPA Clean Air Markets program, 2017</idPurp><idAbs>&lt;DIV STYLE="text-align:Left;"&gt;&lt;DIV&gt;&lt;DIV&gt;&lt;P&gt;&lt;SPAN&gt;The U.S. EPA's Air Markets Program Data (&lt;/SPAN&gt;&lt;A href="https://ampd.epa.gov/ampd/"&gt;&lt;SPAN&gt;AMPD&lt;/SPAN&gt;&lt;/A&gt;&lt;SPAN&gt;) is a publicly-available data system from the EPA &lt;/SPAN&gt;&lt;A href="https://www.epa.gov/airmarkets"&gt;&lt;SPAN&gt;Clean Air Markets &lt;/SPAN&gt;&lt;/A&gt;&lt;SPAN&gt;program for searching and downloading data collected as part of EPA's emissions trading programs. This layer contains all 2017 facility data from all programs covered in the AMPD whose primary or secondary fuel type is coal-related (e.g., Coal, Coal Refuse, and Petroleum Coke).&lt;/SPAN&gt;&lt;/P&gt;&lt;/DIV&gt;&lt;/DIV&gt;&lt;/DIV&gt;</idAbs><idCredit>U.S. EPA Clean Air Markets program</idCredit><searchKeys><keyword>EPA</keyword><keyword>coal</keyword><keyword>power plant</keyword><keyword>Clean Air Markets</keyword><keyword>AMPD</keyword><keyword>2017</keyword></searchKeys><resConst><Consts><useLimit>&lt;DIV STYLE="text-align:Left;"&gt;&lt;DIV&gt;&lt;DIV&gt;&lt;P&gt;&lt;SPAN&gt;TOXMAP data is free, publically available on the Internet; no registration is required. The NLM &lt;/SPAN&gt;&lt;A href="https://toxnet.nlm.nih.gov/help/rightsindata.html"&gt;&lt;SPAN&gt;Rights in Data &lt;/SPAN&gt;&lt;/A&gt;&lt;SPAN&gt;Clause applies.&lt;/SPAN&gt;&lt;/P&gt;&lt;/DIV&gt;&lt;/DIV&gt;&lt;/DIV&gt;</useLimit></Consts></resConst></dataIdInfo><mdLang><languageCode value="eng" Sync="TRUE"/><countryCode value="USA" Sync="TRUE"/></mdLang><distInfo><distFormat><formatName Sync="TRUE">Shapefile</formatName></distFormat><distTranOps><transSize Sync="TRUE">0.000</transSize></distTranOps></distInfo><mdHrLv><ScopeCd value="005" Sync="TRUE"/></mdHrLv><mdHrLvName Sync="TRUE">dataset</mdHrLvName><refSysInfo><RefSystem><refSysID><identCode code="3857" Sync="TRUE"/><idCodeSpace Sync="TRUE">EPSG</idCodeSpace><idVersion Sync="TRUE">8.8(9.3.1.2)</idVersion></refSysID></RefSystem></refSysInfo><spatRepInfo><VectSpatRep><geometObjs Name="epa_coal"><geoObjTyp><GeoObjTypCd value="004" Sync="TRUE"></GeoObjTypCd></geoObjTyp><geoObjCnt Sync="TRUE">0</geoObjCnt></geometObjs><topLvl><TopoLevCd value="001" Sync="TRUE"></TopoLevCd></topLvl></VectSpatRep></spatRepInfo><spdoinfo><ptvctinf><esriterm Name="epa_coal"><efeatyp Sync="TRUE">Simple</efeatyp><efeageom code="1" Sync="TRUE"></efeageom><esritopo Sync="TRUE">FALSE</esritopo><efeacnt Sync="TRUE">0</efeacnt><spindex Sync="TRUE">FALSE</spindex><linrefer Sync="TRUE">FALSE</linrefer></esriterm></ptvctinf></spdoinfo><eainfo><detailed Name="epa_coal"><enttyp><enttypl Sync="TRUE">epa_coal</enttypl><enttypt Sync="TRUE">Feature Class</enttypt><enttypc Sync="TRUE">0</enttypc></enttyp><attr><attrlabl Sync="TRUE">FID</attrlabl><attalias Sync="TRUE">FID</attalias><attrtype Sync="TRUE">OID</attrtype><attwidth Sync="TRUE">4</attwidth><atprecis Sync="TRUE">0</atprecis><attscale Sync="TRUE">0</attscale><attrdef Sync="TRUE">Internal feature number.</attrdef><attrdefs Sync="TRUE">Esri</attrdefs><attrdomv><udom Sync="TRUE">Sequential unique whole numbers that are automatically generated.</udom></attrdomv></attr><attr><attrlabl Sync="TRUE">Shape</attrlabl><attalias Sync="TRUE">Shape</attalias><attrtype Sync="TRUE">Geometry</attrtype><attwidth Sync="TRUE">0</attwidth><atprecis Sync="TRUE">0</atprecis><attscale Sync="TRUE">0</attscale><attrdef Sync="TRUE">Feature geometry.</attrdef><attrdefs Sync="TRUE">Esri</attrdefs><attrdomv><udom Sync="TRUE">Coordinates defining the features.</udom></attrdomv></attr><attr><attrlabl Sync="TRUE">ORISPL</attrlabl><attalias Sync="TRUE">ORISPL</attalias><attrtype Sync="TRUE">Integer</attrtype><attwidth Sync="TRUE">10</attwidth><atprecis Sync="TRUE">10</atprecis><attscale Sync="TRUE">0</attscale></attr><attr><attrlabl Sync="TRUE">Name</attrlabl><attalias Sync="TRUE">Name</attalias><attrtype Sync="TRUE">String</attrtype><attwidth Sync="TRUE">254</attwidth><atprecis Sync="TRUE">0</atprecis><attscale Sync="TRUE">0</attscale></attr><attr><attrlabl Sync="TRUE">Operator</attrlabl><attalias Sync="TRUE">Operator</attalias><attrtype Sync="TRUE">String</attrtype><attwidth Sync="TRUE">254</attwidth><atprecis Sync="TRUE">0</atprecis><attscale Sync="TRUE">0</attscale></attr><attr><attrlabl Sync="TRUE">County</attrlabl><attalias Sync="TRUE">County</attalias><attrtype Sync="TRUE">String</attrtype><attwidth Sync="TRUE">254</attwidth><atprecis Sync="TRUE">0</atprecis><attscale Sync="TRUE">0</attscale></attr><attr><attrlabl Sync="TRUE">State</attrlabl><attalias Sync="TRUE">State</attalias><attrtype Sync="TRUE">String</attrtype><attwidth Sync="TRUE">254</attwidth><atprecis Sync="TRUE">0</atprecis><attscale Sync="TRUE">0</attscale></attr><attr><attrlabl Sync="TRUE">SO2</attrlabl><attalias Sync="TRUE">SO2</attalias><attrtype Sync="TRUE">Double</attrtype><attwidth Sync="TRUE">19</attwidth><atprecis Sync="TRUE">0</atprecis><attscale Sync="TRUE">0</attscale></attr><attr><attrlabl Sync="TRUE">SO2_rank</attrlabl><attalias Sync="TRUE">SO2_rank</attalias><attrtype Sync="TRUE">Integer</attrtype><attwidth Sync="TRUE">10</attwidth><atprecis Sync="TRUE">10</atprecis><attscale Sync="TRUE">0</attscale></attr><attr><attrlabl Sync="TRUE">NOx</attrlabl><attalias Sync="TRUE">NOx</attalias><attrtype Sync="TRUE">Double</attrtype><attwidth Sync="TRUE">19</attwidth><atprecis Sync="TRUE">0</atprecis><attscale Sync="TRUE">0</attscale></attr><attr><attrlabl Sync="TRUE">NOx_rank</attrlabl><attalias Sync="TRUE">NOx_rank</attalias><attrtype Sync="TRUE">Integer</attrtype><attwidth Sync="TRUE">10</attwidth><atprecis Sync="TRUE">10</atprecis><attscale Sync="TRUE">0</attscale></attr><attr><attrlabl Sync="TRUE">CO2</attrlabl><attalias Sync="TRUE">CO2</attalias><attrtype Sync="TRUE">Double</attrtype><attwidth Sync="TRUE">19</attwidth><atprecis Sync="TRUE">0</atprecis><attscale Sync="TRUE">0</attscale></attr><attr><attrlabl Sync="TRUE">CO2_rank</attrlabl><attalias Sync="TRUE">CO2_rank</attalias><attrtype Sync="TRUE">Integer</attrtype><attwidth Sync="TRUE">10</attwidth><atprecis Sync="TRUE">10</atprecis><attscale Sync="TRUE">0</attscale></attr><attr><attrlabl Sync="TRUE">Heat_Input</attrlabl><attalias Sync="TRUE">Heat_Input</attalias><attrtype Sync="TRUE">Double</attrtype><attwidth Sync="TRUE">19</attwidth><atprecis Sync="TRUE">0</atprecis><attscale Sync="TRUE">0</attscale></attr><attr><attrlabl Sync="TRUE">Gross_Load</attrlabl><attalias Sync="TRUE">Gross_Load</attalias><attrtype Sync="TRUE">Double</attrtype><attwidth Sync="TRUE">19</attwidth><atprecis Sync="TRUE">0</atprecis><attscale Sync="TRUE">0</attscale></attr><attr><attrlabl Sync="TRUE">Latitude</attrlabl><attalias Sync="TRUE">Latitude</attalias><attrtype Sync="TRUE">Double</attrtype><attwidth Sync="TRUE">19</attwidth><atprecis Sync="TRUE">0</atprecis><attscale Sync="TRUE">0</attscale></attr><attr><attrlabl Sync="TRUE">Longitude</attrlabl><attalias Sync="TRUE">Longitude</attalias><attrtype Sync="TRUE">Double</attrtype><attwidth Sync="TRUE">19</attwidth><atprecis Sync="TRUE">0</atprecis><attscale Sync="TRUE">0</attscale></attr></detailed></eainfo><mdDateSt Sync="TRUE">20180614</mdDateSt></metadata>
