<metadata xml:lang="en"><Esri><CreaDate>20180426</CreaDate><CreaTime>17522600</CreaTime><SyncOnce>FALSE</SyncOnce><DataProperties><lineage><Process ToolSource="C:\Program Files (x86)\ArcGIS\ArcToolbox\Toolboxes\Data Management Tools.tbx\Project" Date="20171129" Time="123538" Name="" export="">Project C:\Users\589266\Documents\TOXMAP\git\TOXMAP5\mapdata\shapefiles\facilities_all_GCS.shp C:\Users\589266\Documents\TOXMAP\git\TOXMAP5\mapdata\shapefiles\facilities_all.shp PROJCS['WGS_1984_Web_Mercator_Auxiliary_Sphere',GEOGCS['GCS_WGS_1984',DATUM['D_WGS_1984',SPHEROID['WGS_1984',6378137.0,298.257223563]],PRIMEM['Greenwich',0.0],UNIT['Degree',0.0174532925199433]],PROJECTION['Mercator_Auxiliary_Sphere'],PARAMETER['False_Easting',0.0],PARAMETER['False_Northing',0.0],PARAMETER['Central_Meridian',0.0],PARAMETER['Standard_Parallel_1',0.0],PARAMETER['Auxiliary_Sphere_Type',0.0],UNIT['Meter',1.0]] # GEOGCS['GCS_WGS_1984',DATUM['D_WGS_1984',SPHEROID['WGS_1984',6378137.0,298.257223563]],PRIMEM['Greenwich',0.0],UNIT['Degree',0.0174532925199433]]</Process><Process ToolSource="c:\program files (x86)\arcgis\desktop10.5\ArcToolbox\Toolboxes\Conversion Tools.tbx\FeatureClassToFeatureClass" Date="20180614" Time="153920">FeatureClassToFeatureClass C:\TOXMAP5\db\data\gdb\toxmap.gdb\facilities_all C:\TOXMAP5\toxmap-lite\download tri_facilities.shp # "facn "TRI ID" true true false 100 Text 0 0 ,First,#,C:\TOXMAP5\db\data\gdb\toxmap.gdb\facilities_all,facn,-1,-1;frsid "FRS ID" true true false 12 Text 0 0 ,First,#,C:\TOXMAP5\db\data\gdb\toxmap.gdb\facilities_all,frsid,-1,-1;fnm "Name" true true false 200 Text 0 0 ,First,#,C:\TOXMAP5\db\data\gdb\toxmap.gdb\facilities_all,fnm,-1,-1;fad "Address" true true false 200 Text 0 0 ,First,#,C:\TOXMAP5\db\data\gdb\toxmap.gdb\facilities_all,fad,-1,-1;fcty "City" true true false 75 Text 0 0 ,First,#,C:\TOXMAP5\db\data\gdb\toxmap.gdb\facilities_all,fcty,-1,-1;fst "State" true true false 25 Text 0 0 ,First,#,C:\TOXMAP5\db\data\gdb\toxmap.gdb\facilities_all,fst,-1,-1;fzip "ZIP code" true true false 20 Text 0 0 ,First,#,C:\TOXMAP5\db\data\gdb\toxmap.gdb\facilities_all,fzip,-1,-1;fips "FIPS" true true false 5 Text 0 0 ,First,#,C:\TOXMAP5\db\data\gdb\toxmap.gdb\facilities_all,fips,-1,-1;fco "County" true true false 100 Text 0 0 ,First,#,C:\TOXMAP5\db\data\gdb\toxmap.gdb\facilities_all,fco,-1,-1;latd "Latitude" true true false 8 Double 0 0 ,First,#,C:\TOXMAP5\db\data\gdb\toxmap.gdb\facilities_all,latd,-1,-1;longd "Longitude" true true false 8 Double 0 0 ,First,#,C:\TOXMAP5\db\data\gdb\toxmap.gdb\facilities_all,longd,-1,-1;totalerelt "Total releases (all years)" true true false 8 Double 0 0 ,First,#,C:\TOXMAP5\db\data\gdb\toxmap.gdb\facilities_all,totalerelt,-1,-1;tot_curren "Total releases (2016)" true true false 8 Double 0 0 ,First,#,C:\TOXMAP5\db\data\gdb\toxmap.gdb\facilities_all,tot_current,-1,-1" #</Process></lineage><itemProps><itemName Sync="TRUE">tri_facilities</itemName><imsContentType Sync="TRUE">002</imsContentType><itemLocation><linkage Sync="TRUE">file://\\TOXMAP5\C$\TOXMAP5\toxmap-lite\download\tri_facilities.shp</linkage><protocol Sync="TRUE">Local Area Network</protocol></itemLocation><nativeExtBox><westBL Sync="TRUE">-19662863.598400</westBL><eastBL Sync="TRUE">16224808.324700</eastBL><southBL Sync="TRUE">-1611182.684000</southBL><northBL Sync="TRUE">10466082.662300</northBL><exTypeCode Sync="TRUE">1</exTypeCode></nativeExtBox><itemSize Sync="TRUE">1.556</itemSize></itemProps><coordRef><type Sync="TRUE">Projected</type><geogcsn Sync="TRUE">GCS_WGS_1984</geogcsn><csUnits Sync="TRUE">Linear Unit: Meter (1.000000)</csUnits><projcsn Sync="TRUE">WGS_1984_Web_Mercator_Auxiliary_Sphere</projcsn><peXml Sync="TRUE">&lt;ProjectedCoordinateSystem xsi:type='typens:ProjectedCoordinateSystem' xmlns:xsi='http://www.w3.org/2001/XMLSchema-instance' xmlns:xs='http://www.w3.org/2001/XMLSchema' xmlns:typens='http://www.esri.com/schemas/ArcGIS/10.5'&gt;&lt;WKT&gt;PROJCS[&amp;quot;WGS_1984_Web_Mercator_Auxiliary_Sphere&amp;quot;,GEOGCS[&amp;quot;GCS_WGS_1984&amp;quot;,DATUM[&amp;quot;D_WGS_1984&amp;quot;,SPHEROID[&amp;quot;WGS_1984&amp;quot;,6378137.0,298.257223563]],PRIMEM[&amp;quot;Greenwich&amp;quot;,0.0],UNIT[&amp;quot;Degree&amp;quot;,0.0174532925199433]],PROJECTION[&amp;quot;Mercator_Auxiliary_Sphere&amp;quot;],PARAMETER[&amp;quot;False_Easting&amp;quot;,0.0],PARAMETER[&amp;quot;False_Northing&amp;quot;,0.0],PARAMETER[&amp;quot;Central_Meridian&amp;quot;,0.0],PARAMETER[&amp;quot;Standard_Parallel_1&amp;quot;,0.0],PARAMETER[&amp;quot;Auxiliary_Sphere_Type&amp;quot;,0.0],UNIT[&amp;quot;Meter&amp;quot;,1.0],AUTHORITY[&amp;quot;EPSG&amp;quot;,3857]]&lt;/WKT&gt;&lt;XOrigin&gt;-20037700&lt;/XOrigin&gt;&lt;YOrigin&gt;-30241100&lt;/YOrigin&gt;&lt;XYScale&gt;148923141.92838538&lt;/XYScale&gt;&lt;ZOrigin&gt;-100000&lt;/ZOrigin&gt;&lt;ZScale&gt;10000&lt;/ZScale&gt;&lt;MOrigin&gt;-100000&lt;/MOrigin&gt;&lt;MScale&gt;10000&lt;/MScale&gt;&lt;XYTolerance&gt;0.001&lt;/XYTolerance&gt;&lt;ZTolerance&gt;0.001&lt;/ZTolerance&gt;&lt;MTolerance&gt;0.001&lt;/MTolerance&gt;&lt;HighPrecision&gt;true&lt;/HighPrecision&gt;&lt;WKID&gt;102100&lt;/WKID&gt;&lt;LatestWKID&gt;3857&lt;/LatestWKID&gt;&lt;/ProjectedCoordinateSystem&gt;</peXml></coordRef></DataProperties><SyncDate>20180614</SyncDate><SyncTime>15430000</SyncTime><ModDate>20180614</ModDate><ModTime>15430000</ModTime><ArcGISFormat>1.0</ArcGISFormat><scaleRange><minScale>150000000</minScale><maxScale>5000</maxScale></scaleRange><ArcGISProfile>ItemDescription</ArcGISProfile></Esri><dataIdInfo><envirDesc Sync="TRUE">Microsoft Windows Server 2008 R2 Version 6.1 (Build 7601) Service Pack 1; Esri ArcGIS 10.5.1.7333</envirDesc><dataLang><languageCode value="eng" Sync="TRUE"/><countryCode value="USA" Sync="TRUE"/></dataLang><idCitation><resTitle Sync="FALSE">TRI Facilities (2016)</resTitle><presForm><PresFormCd value="005" Sync="TRUE"/></presForm></idCitation><spatRpType><SpatRepTypCd value="001" Sync="TRUE"/></spatRpType><dataExt><geoEle xmlns=""><GeoBndBox esriExtentType="search"><exTypeCode Sync="TRUE">1</exTypeCode><westBL Sync="TRUE">-176.634509</westBL><eastBL Sync="TRUE">145.749933</eastBL><northBL Sync="TRUE">68.064136</northBL><southBL Sync="TRUE">-14.321981</southBL></GeoBndBox></geoEle></dataExt><resConst><Consts><useLimit>&lt;DIV STYLE="text-align:Left;"&gt;&lt;DIV&gt;&lt;DIV&gt;&lt;P&gt;&lt;SPAN&gt;TOXMAP TRI data is free, publically available on the Internet; no registration is required. The NLM &lt;/SPAN&gt;&lt;A href="https://toxnet.nlm.nih.gov/help/rightsindata.html"&gt;&lt;SPAN&gt;Rights in Data &lt;/SPAN&gt;&lt;/A&gt;&lt;SPAN&gt;Clause applies.&lt;/SPAN&gt;&lt;/P&gt;&lt;/DIV&gt;&lt;/DIV&gt;&lt;/DIV&gt;</useLimit></Consts></resConst><idAbs>&lt;DIV STYLE="text-align:Left;"&gt;&lt;DIV&gt;&lt;DIV&gt;&lt;P&gt;&lt;SPAN&gt;A federal law called the Emergency Planning and Community Right to Know Act (&lt;/SPAN&gt;&lt;A href="https://www.epa.gov/epcra/what-epcra"&gt;&lt;SPAN&gt;EPCRA&lt;/SPAN&gt;&lt;/A&gt;&lt;SPAN&gt;) requires facilities in certain industries which manufacture, process, or use significant amounts of toxic chemicals, to report annually on their releases of these chemicals. The reports contain information about the types and amounts of toxic chemicals that are released each year to the air, water, land and by underground injection, as well as information on the quantities of toxic chemicals sent to other facilities for further waste management.&lt;/SPAN&gt;&lt;/P&gt;&lt;P&gt;&lt;SPAN /&gt;&lt;SPAN&gt;Facilities with ten or more full-time employees that process more than 25,000 pounds in aggregate, or use greater than 10,000 pounds of any one TRI chemical, are required to report releases annually. The US Environmental Protection Agency (&lt;/SPAN&gt;&lt;A href="https://www.epa.gov/"&gt;&lt;SPAN&gt;EPA&lt;/SPAN&gt;&lt;/A&gt;&lt;SPAN&gt;) maintains this information in a database called the Toxics Release Inventory (&lt;/SPAN&gt;&lt;A href="https://www.epa.gov/toxics-release-inventory-tri-program"&gt;&lt;SPAN&gt;TRI&lt;/SPAN&gt;&lt;/A&gt;&lt;SPAN&gt;). The toxics release files on the National Library of Medicine's® (&lt;/SPAN&gt;&lt;A href="https://www.nlm.nih.gov/"&gt;&lt;SPAN&gt;NLM&lt;/SPAN&gt;&lt;/A&gt;&lt;SPAN&gt;) Toxicology Data Network (&lt;/SPAN&gt;&lt;A href="https://toxnet.nlm.nih.gov/"&gt;&lt;SPAN&gt;TOXNET®&lt;/SPAN&gt;&lt;/A&gt;&lt;SPAN&gt;) come from TRI.&lt;/SPAN&gt;&lt;/P&gt;&lt;/DIV&gt;&lt;/DIV&gt;&lt;/DIV&gt;</idAbs><idCredit>U.S. Environmental Protection Agency (EPA)</idCredit><searchKeys><keyword>TRI</keyword><keyword>Toxics Release Inventory</keyword><keyword>EPA</keyword><keyword>Environmental Protection Agency</keyword><keyword>pollution</keyword><keyword>chemical</keyword><keyword>chemical release</keyword></searchKeys><idPurp>Toxics Release Inventory facility data from RY2016, including facility attributes and aggregate on-site release data.</idPurp></dataIdInfo><mdLang><languageCode value="eng" Sync="TRUE"/><countryCode value="USA" Sync="TRUE"/></mdLang><distInfo><distFormat><formatName Sync="TRUE">Shapefile</formatName></distFormat><distTranOps><transSize Sync="TRUE">1.556</transSize></distTranOps></distInfo><mdHrLv><ScopeCd value="005" Sync="TRUE"/></mdHrLv><mdHrLvName Sync="TRUE">dataset</mdHrLvName><refSysInfo><RefSystem><refSysID><identCode code="3857" Sync="TRUE"/><idCodeSpace Sync="TRUE">EPSG</idCodeSpace><idVersion Sync="TRUE">8.8(9.3.1.2)</idVersion></refSysID></RefSystem></refSysInfo><spatRepInfo><VectSpatRep><geometObjs Name="tri_facilities"><geoObjTyp><GeoObjTypCd value="004" Sync="TRUE"></GeoObjTypCd></geoObjTyp><geoObjCnt Sync="TRUE">58262</geoObjCnt></geometObjs><topLvl><TopoLevCd value="001" Sync="TRUE"></TopoLevCd></topLvl></VectSpatRep></spatRepInfo><spdoinfo><ptvctinf><esriterm Name="tri_facilities"><efeatyp Sync="TRUE">Simple</efeatyp><efeageom code="1" Sync="TRUE"></efeageom><esritopo Sync="TRUE">FALSE</esritopo><efeacnt Sync="TRUE">58262</efeacnt><spindex Sync="TRUE">TRUE</spindex><linrefer Sync="TRUE">FALSE</linrefer></esriterm></ptvctinf></spdoinfo><eainfo><detailed Name="tri_facilities"><enttyp><enttypl Sync="TRUE">tri_facilities</enttypl><enttypt Sync="TRUE">Feature Class</enttypt><enttypc Sync="TRUE">58262</enttypc></enttyp><attr><attrlabl Sync="TRUE">FID</attrlabl><attalias Sync="TRUE">FID</attalias><attrtype Sync="TRUE">OID</attrtype><attwidth Sync="TRUE">4</attwidth><atprecis Sync="TRUE">0</atprecis><attscale Sync="TRUE">0</attscale><attrdef Sync="TRUE">Internal feature number.</attrdef><attrdefs Sync="TRUE">Esri</attrdefs><attrdomv><udom Sync="TRUE">Sequential unique whole numbers that are automatically generated.</udom></attrdomv></attr><attr><attrlabl Sync="TRUE">Shape</attrlabl><attalias Sync="TRUE">Shape</attalias><attrtype Sync="TRUE">Geometry</attrtype><attwidth Sync="TRUE">0</attwidth><atprecis Sync="TRUE">0</atprecis><attscale Sync="TRUE">0</attscale><attrdef Sync="TRUE">Feature geometry.</attrdef><attrdefs Sync="TRUE">Esri</attrdefs><attrdomv><udom Sync="TRUE">Coordinates defining the features.</udom></attrdomv></attr><attr><attrlabl Sync="TRUE">facn</attrlabl><attalias Sync="TRUE">facn</attalias><attrtype Sync="TRUE">String</attrtype><attwidth Sync="TRUE">100</attwidth><atprecis Sync="TRUE">0</atprecis><attscale Sync="TRUE">0</attscale></attr><attr><attrlabl Sync="TRUE">frsid</attrlabl><attalias Sync="TRUE">frsid</attalias><attrtype Sync="TRUE">String</attrtype><attwidth Sync="TRUE">12</attwidth><atprecis Sync="TRUE">0</atprecis><attscale Sync="TRUE">0</attscale></attr><attr><attrlabl Sync="TRUE">fnm</attrlabl><attalias Sync="TRUE">fnm</attalias><attrtype Sync="TRUE">String</attrtype><attwidth Sync="TRUE">200</attwidth><atprecis Sync="TRUE">0</atprecis><attscale Sync="TRUE">0</attscale></attr><attr><attrlabl Sync="TRUE">fad</attrlabl><attalias Sync="TRUE">fad</attalias><attrtype Sync="TRUE">String</attrtype><attwidth Sync="TRUE">200</attwidth><atprecis Sync="TRUE">0</atprecis><attscale Sync="TRUE">0</attscale></attr><attr><attrlabl Sync="TRUE">fcty</attrlabl><attalias Sync="TRUE">fcty</attalias><attrtype Sync="TRUE">String</attrtype><attwidth Sync="TRUE">75</attwidth><atprecis Sync="TRUE">0</atprecis><attscale Sync="TRUE">0</attscale></attr><attr><attrlabl Sync="TRUE">fst</attrlabl><attalias Sync="TRUE">fst</attalias><attrtype Sync="TRUE">String</attrtype><attwidth Sync="TRUE">25</attwidth><atprecis Sync="TRUE">0</atprecis><attscale Sync="TRUE">0</attscale></attr><attr><attrlabl Sync="TRUE">fzip</attrlabl><attalias Sync="TRUE">fzip</attalias><attrtype Sync="TRUE">String</attrtype><attwidth Sync="TRUE">20</attwidth><atprecis Sync="TRUE">0</atprecis><attscale Sync="TRUE">0</attscale></attr><attr><attrlabl Sync="TRUE">fips</attrlabl><attalias Sync="TRUE">fips</attalias><attrtype Sync="TRUE">String</attrtype><attwidth Sync="TRUE">5</attwidth><atprecis Sync="TRUE">0</atprecis><attscale Sync="TRUE">0</attscale></attr><attr><attrlabl Sync="TRUE">fco</attrlabl><attalias Sync="TRUE">fco</attalias><attrtype Sync="TRUE">String</attrtype><attwidth Sync="TRUE">100</attwidth><atprecis Sync="TRUE">0</atprecis><attscale Sync="TRUE">0</attscale></attr><attr><attrlabl Sync="TRUE">latd</attrlabl><attalias Sync="TRUE">latd</attalias><attrtype Sync="TRUE">Double</attrtype><attwidth Sync="TRUE">19</attwidth><atprecis Sync="TRUE">0</atprecis><attscale Sync="TRUE">0</attscale></attr><attr><attrlabl Sync="TRUE">longd</attrlabl><attalias Sync="TRUE">longd</attalias><attrtype Sync="TRUE">Double</attrtype><attwidth Sync="TRUE">19</attwidth><atprecis Sync="TRUE">0</atprecis><attscale Sync="TRUE">0</attscale></attr><attr><attrlabl Sync="TRUE">totalerelt</attrlabl><attalias Sync="TRUE">totalerelt</attalias><attrtype Sync="TRUE">Double</attrtype><attwidth Sync="TRUE">19</attwidth><atprecis Sync="TRUE">0</atprecis><attscale Sync="TRUE">0</attscale></attr><attr><attrlabl Sync="TRUE">tot_curren</attrlabl><attalias Sync="TRUE">tot_curren</attalias><attrtype Sync="TRUE">Double</attrtype><attwidth Sync="TRUE">19</attwidth><atprecis Sync="TRUE">0</atprecis><attscale Sync="TRUE">0</attscale></attr></detailed></eainfo><mdDateSt Sync="TRUE">20180614</mdDateSt></metadata>
