<metadata xml:lang="en"><Esri><CreaDate>20180809</CreaDate><CreaTime>16305500</CreaTime><ArcGISFormat>1.0</ArcGISFormat><SyncOnce>FALSE</SyncOnce><DataProperties><lineage><Process ToolSource="C:\TOXMAP\db\data\gdb\toxmap.gdb\Toolbox\Project" Date="20180809" Time="163055" Name="" export="">Project C:\TOXMAP\db\data\gdb\toxmap.gdb\superfund_nplGCS C:\TOXMAP\db\data\gdb\toxmap.gdb\superfund_npl PROJCS['WGS_1984_Web_Mercator_Auxiliary_Sphere',GEOGCS['GCS_WGS_1984',DATUM['D_WGS_1984',SPHEROID['WGS_1984',6378137.0,298.257223563]],PRIMEM['Greenwich',0.0],UNIT['Degree',0.0174532925199433]],PROJECTION['Mercator_Auxiliary_Sphere'],PARAMETER['False_Easting',0.0],PARAMETER['False_Northing',0.0],PARAMETER['Central_Meridian',0.0],PARAMETER['Standard_Parallel_1',0.0],PARAMETER['Auxiliary_Sphere_Type',0.0],UNIT['Meter',1.0]] # GEOGCS['GCS_WGS_1984',DATUM['D_WGS_1984',SPHEROID['WGS_1984',6378137.0,298.257223563]],PRIMEM['Greenwich',0.0],UNIT['Degree',0.0174532925199433]] NO_PRESERVE_SHAPE # NO_VERTICAL</Process><Process ToolSource="c:\program files (x86)\arcgis\desktop10.5\ArcToolbox\Toolboxes\Conversion Tools.tbx\FeatureClassToFeatureClass" Date="20180809" Time="165216">FeatureClassToFeatureClass C:\TOXMAP\db\data\gdb\toxmap.gdb\allnpl C:\TOXMAP\dev superfund_npl.shp # "EPA_ID "EPA ID" true true false 12 Text 0 0 ,First,#,C:\TOXMAP\db\data\gdb\toxmap.gdb\allnpl,EPA_ID,-1,-1;SITE_ID "Site ID" true true false 7 Text 0 0 ,First,#,C:\TOXMAP\db\data\gdb\toxmap.gdb\allnpl,SITE_ID,-1,-1;NAME "Name" true true false 80 Text 0 0 ,First,#,C:\TOXMAP\db\data\gdb\toxmap.gdb\allnpl,NAME,-1,-1;ADDRESS "Address" true true false 40 Text 0 0 ,First,#,C:\TOXMAP\db\data\gdb\toxmap.gdb\allnpl,ADDRESS,-1,-1;CITY "City" true true false 40 Text 0 0 ,First,#,C:\TOXMAP\db\data\gdb\toxmap.gdb\allnpl,CITY,-1,-1;COUNTY "County" true true false 40 Text 0 0 ,First,#,C:\TOXMAP\db\data\gdb\toxmap.gdb\allnpl,COUNTY,-1,-1;FIPS "FIPS" true true false 10 Text 0 0 ,First,#,C:\TOXMAP\db\data\gdb\toxmap.gdb\allnpl,FIPS,-1,-1;STATE "State" true true false 10 Text 0 0 ,First,#,C:\TOXMAP\db\data\gdb\toxmap.gdb\allnpl,STATE,-1,-1;ZIP "ZIP code" true true false 10 Text 0 0 ,First,#,C:\TOXMAP\db\data\gdb\toxmap.gdb\allnpl,ZIP,-1,-1;LATD "Latitude" true true false 8 Double 0 0 ,First,#,C:\TOXMAP\db\data\gdb\toxmap.gdb\allnpl,LATD,-1,-1;LONGD "Longitude" true true false 8 Double 0 0 ,First,#,C:\TOXMAP\db\data\gdb\toxmap.gdb\allnpl,LONGD,-1,-1;NPLSTAT "NPL status" true true false 20 Text 0 0 ,First,#,C:\TOXMAP\db\data\gdb\toxmap.gdb\allnpl,NPLSTAT,-1,-1;STATUS_DAT "NPL status date" true true false 20 Text 0 0 ,First,#,C:\TOXMAP\db\data\gdb\toxmap.gdb\allnpl,STATUS_DATE,-1,-1;HRS "HRS score" true true false 8 Double 0 0 ,First,#,C:\TOXMAP\db\data\gdb\toxmap.gdb\allnpl,HRS,-1,-1" #</Process></lineage><itemProps><itemName Sync="TRUE">superfund_npl</itemName><imsContentType Sync="TRUE">002</imsContentType><nativeExtBox><westBL Sync="TRUE">-19664866.347400</westBL><eastBL Sync="TRUE">16221476.198400</eastBL><southBL Sync="TRUE">-1615562.554900</southBL><northBL Sync="TRUE">9561902.621300</northBL><exTypeCode Sync="TRUE">1</exTypeCode></nativeExtBox><itemLocation><linkage Sync="TRUE">file://\\TOXMAP6\C$\TOXMAP\dev\superfund_npl.shp</linkage><protocol Sync="TRUE">Local Area Network</protocol></itemLocation><itemSize Sync="TRUE">0.047</itemSize></itemProps><coordRef><type Sync="TRUE">Projected</type><geogcsn Sync="TRUE">GCS_WGS_1984</geogcsn><csUnits Sync="TRUE">Linear Unit: Meter (1.000000)</csUnits><projcsn Sync="TRUE">WGS_1984_Web_Mercator_Auxiliary_Sphere</projcsn><peXml Sync="TRUE">&lt;ProjectedCoordinateSystem xsi:type='typens:ProjectedCoordinateSystem' xmlns:xsi='http://www.w3.org/2001/XMLSchema-instance' xmlns:xs='http://www.w3.org/2001/XMLSchema' xmlns:typens='http://www.esri.com/schemas/ArcGIS/10.5'&gt;&lt;WKT&gt;PROJCS[&amp;quot;WGS_1984_Web_Mercator_Auxiliary_Sphere&amp;quot;,GEOGCS[&amp;quot;GCS_WGS_1984&amp;quot;,DATUM[&amp;quot;D_WGS_1984&amp;quot;,SPHEROID[&amp;quot;WGS_1984&amp;quot;,6378137.0,298.257223563]],PRIMEM[&amp;quot;Greenwich&amp;quot;,0.0],UNIT[&amp;quot;Degree&amp;quot;,0.0174532925199433]],PROJECTION[&amp;quot;Mercator_Auxiliary_Sphere&amp;quot;],PARAMETER[&amp;quot;False_Easting&amp;quot;,0.0],PARAMETER[&amp;quot;False_Northing&amp;quot;,0.0],PARAMETER[&amp;quot;Central_Meridian&amp;quot;,0.0],PARAMETER[&amp;quot;Standard_Parallel_1&amp;quot;,0.0],PARAMETER[&amp;quot;Auxiliary_Sphere_Type&amp;quot;,0.0],UNIT[&amp;quot;Meter&amp;quot;,1.0],AUTHORITY[&amp;quot;EPSG&amp;quot;,3857]]&lt;/WKT&gt;&lt;XOrigin&gt;-20037700&lt;/XOrigin&gt;&lt;YOrigin&gt;-30241100&lt;/YOrigin&gt;&lt;XYScale&gt;148923141.92838538&lt;/XYScale&gt;&lt;ZOrigin&gt;-100000&lt;/ZOrigin&gt;&lt;ZScale&gt;10000&lt;/ZScale&gt;&lt;MOrigin&gt;-100000&lt;/MOrigin&gt;&lt;MScale&gt;10000&lt;/MScale&gt;&lt;XYTolerance&gt;0.001&lt;/XYTolerance&gt;&lt;ZTolerance&gt;0.001&lt;/ZTolerance&gt;&lt;MTolerance&gt;0.001&lt;/MTolerance&gt;&lt;HighPrecision&gt;true&lt;/HighPrecision&gt;&lt;WKID&gt;102100&lt;/WKID&gt;&lt;LatestWKID&gt;3857&lt;/LatestWKID&gt;&lt;/ProjectedCoordinateSystem&gt;</peXml></coordRef></DataProperties><SyncDate>20180809</SyncDate><SyncTime>16523600</SyncTime><ModDate>20180809</ModDate><ModTime>16523600</ModTime><scaleRange><minScale>150000000</minScale><maxScale>5000</maxScale></scaleRange><ArcGISProfile>ItemDescription</ArcGISProfile></Esri><dataIdInfo><envirDesc Sync="TRUE"> Version 6.2 (Build 9200) ; Esri ArcGIS 10.5.1.7333</envirDesc><dataLang><languageCode value="eng" Sync="TRUE"/><countryCode value="USA" Sync="TRUE"/></dataLang><idCitation><resTitle Sync="FALSE">Superfund sites on the National Priorities List (NPL)</resTitle><presForm><PresFormCd value="005" Sync="TRUE"/></presForm></idCitation><spatRpType><SpatRepTypCd value="001" Sync="TRUE"/></spatRpType><dataExt><geoEle xmlns=""><GeoBndBox esriExtentType="search"><exTypeCode Sync="TRUE">1</exTypeCode><westBL Sync="TRUE">-176.652500</westBL><eastBL Sync="TRUE">145.720000</eastBL><northBL Sync="TRUE">64.823000</northBL><southBL Sync="TRUE">-14.360100</southBL></GeoBndBox></geoEle></dataExt><idPurp>This layer contains site data for sites on the Superfund National Priorities List (NPL) or under consideration for the NPL.</idPurp><idCredit>U.S. Environmental Protection Agency</idCredit><searchKeys><keyword>Superfund</keyword><keyword>EPA</keyword><keyword>CERCLIS</keyword><keyword>CERCLA</keyword><keyword>SEMS</keyword><keyword>SARA</keyword><keyword>NPL</keyword><keyword>National Priorities List</keyword><keyword>hazardous waste</keyword></searchKeys><idAbs>&lt;DIV STYLE="text-align:Left;"&gt;&lt;DIV&gt;&lt;DIV&gt;&lt;P&gt;&lt;A href="https://www.epa.gov/superfund"&gt;&lt;SPAN&gt;Superfund&lt;/SPAN&gt;&lt;/A&gt;&lt;SPAN&gt; is the Federal government's program to clean up the nation's uncontrolled hazardous waste sites. It is operated under the legislative authority of &lt;/SPAN&gt;&lt;A href="https://www.epa.gov/superfund/superfund-cercla-overview"&gt;&lt;SPAN&gt;CERCLA&lt;/SPAN&gt;&lt;/A&gt;&lt;SPAN&gt; and &lt;/SPAN&gt;&lt;A href="https://www.epa.gov/superfund/superfund-amendments-and-reauthorization-act-sara"&gt;&lt;SPAN&gt;SARA&lt;/SPAN&gt;&lt;/A&gt;&lt;SPAN&gt; that funds and carries out &lt;/SPAN&gt;&lt;A href="https://www.epa.gov/"&gt;&lt;SPAN&gt;EPA&lt;/SPAN&gt;&lt;/A&gt;&lt;SPAN&gt; solid waste emergency and long-term removal and remedial activities.&lt;/SPAN&gt;&lt;/P&gt;&lt;P&gt;&lt;SPAN&gt;The Comprehensive Environmental Response, Compensation and Liability Information System (&lt;/SPAN&gt;&lt;A href="https://cumulis.epa.gov/supercpad/CurSites/srchsites.cfm"&gt;&lt;SPAN&gt;CERCLIS&lt;/SPAN&gt;&lt;/A&gt;&lt;SPAN&gt;) is an EPA database containing information on hazardous waste sites, potentially hazardous waste sites, and associated remedial activities across the nation. It was retired in November 2013 and replaced by &lt;/SPAN&gt;&lt;A href="https://www.epa.gov/enviro/sems-overview"&gt;&lt;SPAN&gt;SEMS&lt;/SPAN&gt;&lt;/A&gt;&lt;SPAN&gt;.&lt;/SPAN&gt;&lt;/P&gt;&lt;/DIV&gt;&lt;/DIV&gt;&lt;/DIV&gt;</idAbs><resConst><Consts><useLimit>&lt;DIV STYLE="text-align:Left;"&gt;&lt;DIV&gt;&lt;DIV&gt;&lt;P&gt;&lt;SPAN&gt;TOXMAP data is free, publically available on the Internet; no registration is required. The NLM &lt;/SPAN&gt;&lt;A href="https://toxnet.nlm.nih.gov/help/rightsindata.html"&gt;&lt;SPAN&gt;Rights in Data&lt;/SPAN&gt;&lt;/A&gt;&lt;SPAN&gt; Clause applies.&lt;/SPAN&gt;&lt;/P&gt;&lt;/DIV&gt;&lt;/DIV&gt;&lt;/DIV&gt;</useLimit></Consts></resConst></dataIdInfo><mdLang><languageCode value="eng" Sync="TRUE"/><countryCode value="USA" Sync="TRUE"/></mdLang><distInfo><distFormat><formatName Sync="TRUE">Shapefile</formatName></distFormat><distTranOps><transSize Sync="TRUE">0.047</transSize></distTranOps></distInfo><mdHrLv><ScopeCd value="005" Sync="TRUE"/></mdHrLv><mdHrLvName Sync="TRUE">dataset</mdHrLvName><refSysInfo><RefSystem><refSysID><identCode code="3857" Sync="TRUE"/><idCodeSpace Sync="TRUE">EPSG</idCodeSpace><idVersion Sync="TRUE">8.8(9.3.1.2)</idVersion></refSysID></RefSystem></refSysInfo><spatRepInfo><VectSpatRep><geometObjs Name="superfund_npl"><geoObjTyp><GeoObjTypCd value="004" Sync="TRUE"></GeoObjTypCd></geoObjTyp><geoObjCnt Sync="TRUE">1762</geoObjCnt></geometObjs><topLvl><TopoLevCd value="001" Sync="TRUE"></TopoLevCd></topLvl></VectSpatRep></spatRepInfo><spdoinfo><ptvctinf><esriterm Name="superfund_npl"><efeatyp Sync="TRUE">Simple</efeatyp><efeageom code="1" Sync="TRUE"></efeageom><esritopo Sync="TRUE">FALSE</esritopo><efeacnt Sync="TRUE">1762</efeacnt><spindex Sync="TRUE">TRUE</spindex><linrefer Sync="TRUE">FALSE</linrefer></esriterm></ptvctinf></spdoinfo><eainfo><detailed Name="superfund_npl"><enttyp><enttypl Sync="TRUE">superfund_npl</enttypl><enttypt Sync="TRUE">Feature Class</enttypt><enttypc Sync="TRUE">1762</enttypc></enttyp><attr><attrlabl Sync="TRUE">FID</attrlabl><attalias Sync="TRUE">FID</attalias><attrtype Sync="TRUE">OID</attrtype><attwidth Sync="TRUE">4</attwidth><atprecis Sync="TRUE">0</atprecis><attscale Sync="TRUE">0</attscale><attrdef Sync="TRUE">Internal feature number.</attrdef><attrdefs Sync="TRUE">Esri</attrdefs><attrdomv><udom Sync="TRUE">Sequential unique whole numbers that are automatically generated.</udom></attrdomv></attr><attr><attrlabl Sync="TRUE">EPA_ID</attrlabl><attalias Sync="TRUE">EPA_ID</attalias><attrtype Sync="TRUE">String</attrtype><attwidth Sync="TRUE">12</attwidth><atprecis Sync="TRUE">0</atprecis><attscale Sync="TRUE">0</attscale></attr><attr><attrlabl Sync="TRUE">SITE_ID</attrlabl><attalias Sync="TRUE">SITE_ID</attalias><attrtype Sync="TRUE">String</attrtype><attwidth Sync="TRUE">7</attwidth><atprecis Sync="TRUE">0</atprecis><attscale Sync="TRUE">0</attscale></attr><attr><attrlabl Sync="TRUE">NAME</attrlabl><attalias Sync="TRUE">NAME</attalias><attrtype Sync="TRUE">String</attrtype><attwidth Sync="TRUE">80</attwidth><atprecis Sync="TRUE">0</atprecis><attscale Sync="TRUE">0</attscale></attr><attr><attrlabl Sync="TRUE">ADDRESS</attrlabl><attalias Sync="TRUE">ADDRESS</attalias><attrtype Sync="TRUE">String</attrtype><attwidth Sync="TRUE">40</attwidth><atprecis Sync="TRUE">0</atprecis><attscale Sync="TRUE">0</attscale></attr><attr><attrlabl Sync="TRUE">CITY</attrlabl><attalias Sync="TRUE">CITY</attalias><attrtype Sync="TRUE">String</attrtype><attwidth Sync="TRUE">40</attwidth><atprecis Sync="TRUE">0</atprecis><attscale Sync="TRUE">0</attscale></attr><attr><attrlabl Sync="TRUE">COUNTY</attrlabl><attalias Sync="TRUE">COUNTY</attalias><attrtype Sync="TRUE">String</attrtype><attwidth Sync="TRUE">40</attwidth><atprecis Sync="TRUE">0</atprecis><attscale Sync="TRUE">0</attscale></attr><attr><attrlabl Sync="TRUE">FIPS</attrlabl><attalias Sync="TRUE">FIPS</attalias><attrtype Sync="TRUE">String</attrtype><attwidth Sync="TRUE">10</attwidth><atprecis Sync="TRUE">0</atprecis><attscale Sync="TRUE">0</attscale></attr><attr><attrlabl Sync="TRUE">STATE</attrlabl><attalias Sync="TRUE">STATE</attalias><attrtype Sync="TRUE">String</attrtype><attwidth Sync="TRUE">10</attwidth><atprecis Sync="TRUE">0</atprecis><attscale Sync="TRUE">0</attscale></attr><attr><attrlabl Sync="TRUE">ZIP</attrlabl><attalias Sync="TRUE">ZIP</attalias><attrtype Sync="TRUE">String</attrtype><attwidth Sync="TRUE">10</attwidth><atprecis Sync="TRUE">0</atprecis><attscale Sync="TRUE">0</attscale></attr><attr><attrlabl Sync="TRUE">LATD</attrlabl><attalias Sync="TRUE">LATD</attalias><attrtype Sync="TRUE">Double</attrtype><attwidth Sync="TRUE">19</attwidth><atprecis Sync="TRUE">0</atprecis><attscale Sync="TRUE">0</attscale></attr><attr><attrlabl Sync="TRUE">LONGD</attrlabl><attalias Sync="TRUE">LONGD</attalias><attrtype Sync="TRUE">Double</attrtype><attwidth Sync="TRUE">19</attwidth><atprecis Sync="TRUE">0</atprecis><attscale Sync="TRUE">0</attscale></attr><attr><attrlabl Sync="TRUE">NPLSTAT</attrlabl><attalias Sync="TRUE">NPLSTAT</attalias><attrtype Sync="TRUE">String</attrtype><attwidth Sync="TRUE">20</attwidth><atprecis Sync="TRUE">0</atprecis><attscale Sync="TRUE">0</attscale></attr><attr><attrlabl Sync="TRUE">HRS</attrlabl><attalias Sync="TRUE">HRS</attalias><attrtype Sync="TRUE">Double</attrtype><attwidth Sync="TRUE">19</attwidth><atprecis Sync="TRUE">0</atprecis><attscale Sync="TRUE">0</attscale></attr><attr><attrlabl Sync="TRUE">STATUS_DAT</attrlabl><attalias Sync="TRUE">STATUS_DAT</attalias><attrtype Sync="TRUE">String</attrtype><attwidth Sync="TRUE">20</attwidth><atprecis Sync="TRUE">0</atprecis><attscale Sync="TRUE">0</attscale></attr><attr><attrlabl Sync="TRUE">Shape</attrlabl><attalias Sync="TRUE">Shape</attalias><attrtype Sync="TRUE">Geometry</attrtype><attwidth Sync="TRUE">0</attwidth><atprecis Sync="TRUE">0</atprecis><attscale Sync="TRUE">0</attscale><attrdef Sync="TRUE">Feature geometry.</attrdef><attrdefs Sync="TRUE">Esri</attrdefs><attrdomv><udom Sync="TRUE">Coordinates defining the features.</udom></attrdomv></attr></detailed></eainfo><mdDateSt Sync="TRUE">20180809</mdDateSt></metadata>
