<metadata xml:lang="en"><Esri><CreaDate>20180511</CreaDate><CreaTime>12460800</CreaTime><ArcGISFormat>1.0</ArcGISFormat><SyncOnce>FALSE</SyncOnce><DataProperties><lineage><Process ToolSource="C:\Users\toxmap\AppData\Roaming\ESRI\Desktop10.5\ArcToolbox\My Toolboxes\TOXMAP.tbx\Project" Date="20180306" Time="134731" Name="" export="">Project C:\TOXMAP5\mapdata\shapefiles\npri_2016\npri-2016-facGCS.shp C:\TOXMAP5\mapdata\shapefiles\npri_2016\npri_2016.shp PROJCS['WGS_1984_Web_Mercator_Auxiliary_Sphere',GEOGCS['GCS_WGS_1984',DATUM['D_WGS_1984',SPHEROID['WGS_1984',6378137.0,298.257223563]],PRIMEM['Greenwich',0.0],UNIT['Degree',0.0174532925199433]],PROJECTION['Mercator_Auxiliary_Sphere'],PARAMETER['False_Easting',0.0],PARAMETER['False_Northing',0.0],PARAMETER['Central_Meridian',0.0],PARAMETER['Standard_Parallel_1',0.0],PARAMETER['Auxiliary_Sphere_Type',0.0],UNIT['Meter',1.0]] # GEOGCS['GCS_WGS_1984',DATUM['D_WGS_1984',SPHEROID['WGS_1984',6378137.0,298.257223563]],PRIMEM['Greenwich',0.0],UNIT['Degree',0.0174532925199433]] NO_PRESERVE_SHAPE # NO_VERTICAL</Process><Process ToolSource="c:\program files (x86)\arcgis\desktop10.5\ArcToolbox\Toolboxes\Conversion Tools.tbx\FeatureClassToFeatureClass" Date="20180306" Time="134914" Name="" export="">FeatureClassToFeatureClass C:\TOXMAP5\mapdata\shapefiles\npri_2016\npri_2016.shp C:\TOXMAP5\db\data\gdb\toxmaptest.gdb npri_2016 # "NPRI_ID "NPRI_ID" true true false 254 Text 0 0 ,First,#,C:\TOXMAP5\mapdata\shapefiles\npri_2016\npri_2016.shp,NPRI_ID,-1,-1;Company_Name "Company_Name" true true false 254 Text 0 0 ,First,#,C:\TOXMAP5\mapdata\shapefiles\npri_2016\npri_2016.shp,Company_Na,-1,-1;Facility_Name "Facility_Name" true true false 254 Text 0 0 ,First,#,C:\TOXMAP5\mapdata\shapefiles\npri_2016\npri_2016.shp,Facility_N,-1,-1;City "City" true true false 254 Text 0 0 ,First,#,C:\TOXMAP5\mapdata\shapefiles\npri_2016\npri_2016.shp,City,-1,-1;Census_Subdivision "Census_Subdivision" true true false 254 Text 0 0 ,First,#,C:\TOXMAP5\mapdata\shapefiles\npri_2016\npri_2016.shp,Census_Sub,-1,-1;CA_or_CMA "CA_or_CMA" true true false 254 Text 0 0 ,First,#,C:\TOXMAP5\mapdata\shapefiles\npri_2016\npri_2016.shp,CA_or_CMA,-1,-1;Economic_Region "Economic_Region" true true false 254 Text 0 0 ,First,#,C:\TOXMAP5\mapdata\shapefiles\npri_2016\npri_2016.shp,Economic_R,-1,-1;Province "Province" true true false 254 Text 0 0 ,First,#,C:\TOXMAP5\mapdata\shapefiles\npri_2016\npri_2016.shp,Province,-1,-1;Postal_Code "Postal_Code" true true false 254 Text 0 0 ,First,#,C:\TOXMAP5\mapdata\shapefiles\npri_2016\npri_2016.shp,Postal_Cod,-1,-1;Terrestrial_Ecozone "Terrestrial_Ecozone" true true false 254 Text 0 0 ,First,#,C:\TOXMAP5\mapdata\shapefiles\npri_2016\npri_2016.shp,Terrestria,-1,-1;Watershed "Watershed" true true false 254 Text 0 0 ,First,#,C:\TOXMAP5\mapdata\shapefiles\npri_2016\npri_2016.shp,Watershed,-1,-1;NAICS_4_Code "NAICS_4_Code" true true false 19 Double 0 0 ,First,#,C:\TOXMAP5\mapdata\shapefiles\npri_2016\npri_2016.shp,NAICS_4_Co,-1,-1;NAICS_6_Code "NAICS_6_Code" true true false 19 Double 0 0 ,First,#,C:\TOXMAP5\mapdata\shapefiles\npri_2016\npri_2016.shp,NAICS_6_Co,-1,-1;Latitude "Latitude" true true false 19 Double 0 0 ,First,#,C:\TOXMAP5\mapdata\shapefiles\npri_2016\npri_2016.shp,Latitude,-1,-1;Longitude "Longitude" true true false 19 Double 0 0 ,First,#,C:\TOXMAP5\mapdata\shapefiles\npri_2016\npri_2016.shp,Longitude,-1,-1" #</Process><Process ToolSource="c:\program files (x86)\arcgis\desktop10.5\ArcToolbox\Toolboxes\Conversion Tools.tbx\FeatureClassToFeatureClass" Date="20180614" Time="164819">FeatureClassToFeatureClass C:\TOXMAP5\db\data\gdb\toxmap.gdb\npri_2016 C:\TOXMAP5\toxmap-lite\download npri.shp # "NPRI_ID "NPRI ID" true true false 254 Text 0 0 ,First,#,C:\TOXMAP5\db\data\gdb\toxmap.gdb\npri_2016,NPRI_ID,-1,-1;Company_Na "Company Name" true true false 254 Text 0 0 ,First,#,C:\TOXMAP5\db\data\gdb\toxmap.gdb\npri_2016,Company_Name,-1,-1;Facility_N "Facility Name" true true false 254 Text 0 0 ,First,#,C:\TOXMAP5\db\data\gdb\toxmap.gdb\npri_2016,Facility_Name,-1,-1;City "City" true true false 254 Text 0 0 ,First,#,C:\TOXMAP5\db\data\gdb\toxmap.gdb\npri_2016,City,-1,-1;Census_Sub "Census Subdivision" true true false 254 Text 0 0 ,First,#,C:\TOXMAP5\db\data\gdb\toxmap.gdb\npri_2016,Census_Subdivision,-1,-1;CA_or_CMA "Census Area or Census Metropolitan Area" true true false 254 Text 0 0 ,First,#,C:\TOXMAP5\db\data\gdb\toxmap.gdb\npri_2016,CA_or_CMA,-1,-1;Economic_R "Economic Region" true true false 254 Text 0 0 ,First,#,C:\TOXMAP5\db\data\gdb\toxmap.gdb\npri_2016,Economic_Region,-1,-1;Province "Province" true true false 254 Text 0 0 ,First,#,C:\TOXMAP5\db\data\gdb\toxmap.gdb\npri_2016,Province,-1,-1;Postal_Cod "Postal Code" true true false 254 Text 0 0 ,First,#,C:\TOXMAP5\db\data\gdb\toxmap.gdb\npri_2016,Postal_Code,-1,-1;Terrestria "Terrestrial Ecozone" true true false 254 Text 0 0 ,First,#,C:\TOXMAP5\db\data\gdb\toxmap.gdb\npri_2016,Terrestrial_Ecozone,-1,-1;Watershed "Watershed" true true false 254 Text 0 0 ,First,#,C:\TOXMAP5\db\data\gdb\toxmap.gdb\npri_2016,Watershed,-1,-1;NAICS_4_Co "NAICS 4 Code" true true false 8 Double 0 0 ,First,#,C:\TOXMAP5\db\data\gdb\toxmap.gdb\npri_2016,NAICS_4_Code,-1,-1;NAICS_6_Co "NAICS 6 Code" true true false 8 Double 0 0 ,First,#,C:\TOXMAP5\db\data\gdb\toxmap.gdb\npri_2016,NAICS_6_Code,-1,-1;Latitude "Latitude" true true false 8 Double 0 0 ,First,#,C:\TOXMAP5\db\data\gdb\toxmap.gdb\npri_2016,Latitude,-1,-1;Longitude "Longitude" true true false 8 Double 0 0 ,First,#,C:\TOXMAP5\db\data\gdb\toxmap.gdb\npri_2016,Longitude,-1,-1" #</Process></lineage><itemProps><itemName Sync="TRUE">npri</itemName><imsContentType Sync="TRUE">002</imsContentType><itemLocation><linkage Sync="TRUE">file://\\TOXMAP5\C$\TOXMAP5\toxmap-lite\download\npri.shp</linkage><protocol Sync="TRUE">Local Area Network</protocol></itemLocation><nativeExtBox><westBL Sync="TRUE">-15276167.780500</westBL><eastBL Sync="TRUE">-5358263.501800</eastBL><southBL Sync="TRUE">5165893.992000</southBL><northBL Sync="TRUE">17379630.789000</northBL><exTypeCode Sync="TRUE">1</exTypeCode></nativeExtBox><itemSize Sync="TRUE">0.000</itemSize></itemProps><coordRef><type Sync="TRUE">Projected</type><geogcsn Sync="TRUE">GCS_WGS_1984</geogcsn><csUnits Sync="TRUE">Linear Unit: Meter (1.000000)</csUnits><projcsn Sync="TRUE">WGS_1984_Web_Mercator_Auxiliary_Sphere</projcsn><peXml Sync="TRUE">&lt;ProjectedCoordinateSystem xsi:type='typens:ProjectedCoordinateSystem' xmlns:xsi='http://www.w3.org/2001/XMLSchema-instance' xmlns:xs='http://www.w3.org/2001/XMLSchema' xmlns:typens='http://www.esri.com/schemas/ArcGIS/10.5'&gt;&lt;WKT&gt;PROJCS[&amp;quot;WGS_1984_Web_Mercator_Auxiliary_Sphere&amp;quot;,GEOGCS[&amp;quot;GCS_WGS_1984&amp;quot;,DATUM[&amp;quot;D_WGS_1984&amp;quot;,SPHEROID[&amp;quot;WGS_1984&amp;quot;,6378137.0,298.257223563]],PRIMEM[&amp;quot;Greenwich&amp;quot;,0.0],UNIT[&amp;quot;Degree&amp;quot;,0.0174532925199433]],PROJECTION[&amp;quot;Mercator_Auxiliary_Sphere&amp;quot;],PARAMETER[&amp;quot;False_Easting&amp;quot;,0.0],PARAMETER[&amp;quot;False_Northing&amp;quot;,0.0],PARAMETER[&amp;quot;Central_Meridian&amp;quot;,0.0],PARAMETER[&amp;quot;Standard_Parallel_1&amp;quot;,0.0],PARAMETER[&amp;quot;Auxiliary_Sphere_Type&amp;quot;,0.0],UNIT[&amp;quot;Meter&amp;quot;,1.0],AUTHORITY[&amp;quot;EPSG&amp;quot;,3857]]&lt;/WKT&gt;&lt;XOrigin&gt;-20037700&lt;/XOrigin&gt;&lt;YOrigin&gt;-30241100&lt;/YOrigin&gt;&lt;XYScale&gt;148923141.92838538&lt;/XYScale&gt;&lt;ZOrigin&gt;-100000&lt;/ZOrigin&gt;&lt;ZScale&gt;10000&lt;/ZScale&gt;&lt;MOrigin&gt;-100000&lt;/MOrigin&gt;&lt;MScale&gt;10000&lt;/MScale&gt;&lt;XYTolerance&gt;0.001&lt;/XYTolerance&gt;&lt;ZTolerance&gt;0.001&lt;/ZTolerance&gt;&lt;MTolerance&gt;0.001&lt;/MTolerance&gt;&lt;HighPrecision&gt;true&lt;/HighPrecision&gt;&lt;WKID&gt;102100&lt;/WKID&gt;&lt;LatestWKID&gt;3857&lt;/LatestWKID&gt;&lt;/ProjectedCoordinateSystem&gt;</peXml></coordRef></DataProperties><SyncDate>20180614</SyncDate><SyncTime>16481700</SyncTime><ModDate>20180614</ModDate><ModTime>16481700</ModTime><scaleRange><minScale>150000000</minScale><maxScale>5000</maxScale></scaleRange><ArcGISProfile>ItemDescription</ArcGISProfile></Esri><dataIdInfo><envirDesc Sync="TRUE">Microsoft Windows Server 2008 R2 Version 6.1 (Build 7601) Service Pack 1; Esri ArcGIS 10.5.1.7333</envirDesc><dataLang><languageCode value="eng" Sync="TRUE"/><countryCode value="USA" Sync="TRUE"/></dataLang><idCitation><resTitle Sync="FALSE">NPRI Facility-Reported Data (2016)</resTitle><presForm><PresFormCd value="005" Sync="TRUE"/></presForm></idCitation><spatRpType><SpatRepTypCd value="001" Sync="TRUE"/></spatRpType><dataExt><geoEle xmlns=""><GeoBndBox esriExtentType="search"><exTypeCode Sync="TRUE">1</exTypeCode><westBL Sync="TRUE">-137.228150</westBL><eastBL Sync="TRUE">-48.134100</eastBL><northBL Sync="TRUE">82.498758</northBL><southBL Sync="TRUE">42.032800</southBL></GeoBndBox></geoEle></dataExt><idPurp>Environment Canada publishes data from the National Pollutant Release Inventory (NPRI), Canada's legislated, publicly accessible inventory of pollutant releases (to air, water and land), disposals and transfers for recycling.</idPurp><idAbs>&lt;DIV STYLE="text-align:Left;"&gt;&lt;DIV&gt;&lt;DIV&gt;&lt;P&gt;&lt;SPAN&gt;The National Pollutant Release Inventory (&lt;/SPAN&gt;&lt;A href="https://www.ec.gc.ca/inrp-npri/"&gt;&lt;SPAN&gt;NPRI&lt;/SPAN&gt;&lt;/A&gt;&lt;SPAN&gt;) is Canada's public inventory of pollutant releases (to air, water and land), disposals and transfers for recycling.&lt;/SPAN&gt;&lt;SPAN&gt;Data are current as of September 14, 2017 and were first published December 6, 2017.&lt;/SPAN&gt;&lt;/P&gt;&lt;/DIV&gt;&lt;/DIV&gt;&lt;/DIV&gt;</idAbs><idCredit>Environment Canada</idCredit><searchKeys><keyword>NPRI</keyword><keyword>IRNP</keyword><keyword>National Pollutant Release Inventory</keyword><keyword>Inventaire national des rejets de polluants</keyword><keyword>Environment Canada</keyword><keyword>pollutant</keyword><keyword>pollution</keyword><keyword>emissions</keyword><keyword>environment</keyword><keyword>recycling</keyword><keyword>disposal</keyword><keyword>industry</keyword><keyword>chemical substances</keyword></searchKeys><resConst><Consts><useLimit>&lt;DIV STYLE="text-align:Left;"&gt;&lt;DIV&gt;&lt;DIV&gt;&lt;P&gt;&lt;SPAN&gt;TOXMAP data is free, publically available on the Internet; no registration is required. The NLM &lt;/SPAN&gt;&lt;A href="https://toxnet.nlm.nih.gov/help/rightsindata.html"&gt;&lt;SPAN&gt;Rights in Data &lt;/SPAN&gt;&lt;/A&gt;&lt;SPAN&gt;Clause applies.&lt;/SPAN&gt;&lt;/P&gt;&lt;/DIV&gt;&lt;/DIV&gt;&lt;/DIV&gt;</useLimit></Consts></resConst></dataIdInfo><mdLang><languageCode value="eng" Sync="TRUE"/><countryCode value="USA" Sync="TRUE"/></mdLang><distInfo><distFormat><formatName Sync="TRUE">Shapefile</formatName></distFormat><distTranOps><transSize Sync="TRUE">0.000</transSize></distTranOps></distInfo><mdHrLv><ScopeCd value="005" Sync="TRUE"/></mdHrLv><mdHrLvName Sync="TRUE">dataset</mdHrLvName><refSysInfo><RefSystem><refSysID><identCode code="3857" Sync="TRUE"/><idCodeSpace Sync="TRUE">EPSG</idCodeSpace><idVersion Sync="TRUE">8.8(9.3.1.2)</idVersion></refSysID></RefSystem></refSysInfo><spatRepInfo><VectSpatRep><geometObjs Name="npri"><geoObjTyp><GeoObjTypCd value="004" Sync="TRUE"></GeoObjTypCd></geoObjTyp><geoObjCnt Sync="TRUE">0</geoObjCnt></geometObjs><topLvl><TopoLevCd value="001" Sync="TRUE"></TopoLevCd></topLvl></VectSpatRep></spatRepInfo><spdoinfo><ptvctinf><esriterm Name="npri"><efeatyp Sync="TRUE">Simple</efeatyp><efeageom code="1" Sync="TRUE"></efeageom><esritopo Sync="TRUE">FALSE</esritopo><efeacnt Sync="TRUE">0</efeacnt><spindex Sync="TRUE">FALSE</spindex><linrefer Sync="TRUE">FALSE</linrefer></esriterm></ptvctinf></spdoinfo><eainfo><detailed Name="npri"><enttyp><enttypl Sync="TRUE">npri</enttypl><enttypt Sync="TRUE">Feature Class</enttypt><enttypc Sync="TRUE">0</enttypc></enttyp><attr><attrlabl Sync="TRUE">FID</attrlabl><attalias Sync="TRUE">FID</attalias><attrtype Sync="TRUE">OID</attrtype><attwidth Sync="TRUE">4</attwidth><atprecis Sync="TRUE">0</atprecis><attscale Sync="TRUE">0</attscale><attrdef Sync="TRUE">Internal feature number.</attrdef><attrdefs Sync="TRUE">Esri</attrdefs><attrdomv><udom Sync="TRUE">Sequential unique whole numbers that are automatically generated.</udom></attrdomv></attr><attr><attrlabl Sync="TRUE">Shape</attrlabl><attalias Sync="TRUE">Shape</attalias><attrtype Sync="TRUE">Geometry</attrtype><attwidth Sync="TRUE">0</attwidth><atprecis Sync="TRUE">0</atprecis><attscale Sync="TRUE">0</attscale><attrdef Sync="TRUE">Feature geometry.</attrdef><attrdefs Sync="TRUE">Esri</attrdefs><attrdomv><udom Sync="TRUE">Coordinates defining the features.</udom></attrdomv></attr><attr><attrlabl Sync="TRUE">NPRI_ID</attrlabl><attalias Sync="TRUE">NPRI_ID</attalias><attrtype Sync="TRUE">String</attrtype><attwidth Sync="TRUE">254</attwidth><atprecis Sync="TRUE">0</atprecis><attscale Sync="TRUE">0</attscale></attr><attr><attrlabl Sync="TRUE">Company_Na</attrlabl><attalias Sync="TRUE">Company_Na</attalias><attrtype Sync="TRUE">String</attrtype><attwidth Sync="TRUE">254</attwidth><atprecis Sync="TRUE">0</atprecis><attscale Sync="TRUE">0</attscale></attr><attr><attrlabl Sync="TRUE">Facility_N</attrlabl><attalias Sync="TRUE">Facility_N</attalias><attrtype Sync="TRUE">String</attrtype><attwidth Sync="TRUE">254</attwidth><atprecis Sync="TRUE">0</atprecis><attscale Sync="TRUE">0</attscale></attr><attr><attrlabl Sync="TRUE">City</attrlabl><attalias Sync="TRUE">City</attalias><attrtype Sync="TRUE">String</attrtype><attwidth Sync="TRUE">254</attwidth><atprecis Sync="TRUE">0</atprecis><attscale Sync="TRUE">0</attscale></attr><attr><attrlabl Sync="TRUE">Census_Sub</attrlabl><attalias Sync="TRUE">Census_Sub</attalias><attrtype Sync="TRUE">String</attrtype><attwidth Sync="TRUE">254</attwidth><atprecis Sync="TRUE">0</atprecis><attscale Sync="TRUE">0</attscale></attr><attr><attrlabl Sync="TRUE">CA_or_CMA</attrlabl><attalias Sync="TRUE">CA_or_CMA</attalias><attrtype Sync="TRUE">String</attrtype><attwidth Sync="TRUE">254</attwidth><atprecis Sync="TRUE">0</atprecis><attscale Sync="TRUE">0</attscale></attr><attr><attrlabl Sync="TRUE">Economic_R</attrlabl><attalias Sync="TRUE">Economic_R</attalias><attrtype Sync="TRUE">String</attrtype><attwidth Sync="TRUE">254</attwidth><atprecis Sync="TRUE">0</atprecis><attscale Sync="TRUE">0</attscale></attr><attr><attrlabl Sync="TRUE">Province</attrlabl><attalias Sync="TRUE">Province</attalias><attrtype Sync="TRUE">String</attrtype><attwidth Sync="TRUE">254</attwidth><atprecis Sync="TRUE">0</atprecis><attscale Sync="TRUE">0</attscale></attr><attr><attrlabl Sync="TRUE">Postal_Cod</attrlabl><attalias Sync="TRUE">Postal_Cod</attalias><attrtype Sync="TRUE">String</attrtype><attwidth Sync="TRUE">254</attwidth><atprecis Sync="TRUE">0</atprecis><attscale Sync="TRUE">0</attscale></attr><attr><attrlabl Sync="TRUE">Terrestria</attrlabl><attalias Sync="TRUE">Terrestria</attalias><attrtype Sync="TRUE">String</attrtype><attwidth Sync="TRUE">254</attwidth><atprecis Sync="TRUE">0</atprecis><attscale Sync="TRUE">0</attscale></attr><attr><attrlabl Sync="TRUE">Watershed</attrlabl><attalias Sync="TRUE">Watershed</attalias><attrtype Sync="TRUE">String</attrtype><attwidth Sync="TRUE">254</attwidth><atprecis Sync="TRUE">0</atprecis><attscale Sync="TRUE">0</attscale></attr><attr><attrlabl Sync="TRUE">NAICS_4_Co</attrlabl><attalias Sync="TRUE">NAICS_4_Co</attalias><attrtype Sync="TRUE">Double</attrtype><attwidth Sync="TRUE">19</attwidth><atprecis Sync="TRUE">0</atprecis><attscale Sync="TRUE">0</attscale></attr><attr><attrlabl Sync="TRUE">NAICS_6_Co</attrlabl><attalias Sync="TRUE">NAICS_6_Co</attalias><attrtype Sync="TRUE">Double</attrtype><attwidth Sync="TRUE">19</attwidth><atprecis Sync="TRUE">0</atprecis><attscale Sync="TRUE">0</attscale></attr><attr><attrlabl Sync="TRUE">Latitude</attrlabl><attalias Sync="TRUE">Latitude</attalias><attrtype Sync="TRUE">Double</attrtype><attwidth Sync="TRUE">19</attwidth><atprecis Sync="TRUE">0</atprecis><attscale Sync="TRUE">0</attscale></attr><attr><attrlabl Sync="TRUE">Longitude</attrlabl><attalias Sync="TRUE">Longitude</attalias><attrtype Sync="TRUE">Double</attrtype><attwidth Sync="TRUE">19</attwidth><atprecis Sync="TRUE">0</atprecis><attscale Sync="TRUE">0</attscale></attr></detailed></eainfo><mdDateSt Sync="TRUE">20180614</mdDateSt></metadata>
